GUN,SKIN,QUALITY
AWP, Lightning Strike,Covert
AK-47, Case Hardened,Classified
Glock-18, Dragon Tattoo,Restricted
USP-S, Dark Water,Restricted
M4A1-S, Dark Water,Restricted
AUG, Wings,Mil-spec
MP7, Skulls,Mil-spec
Glock-18, Fade,Restricted
MP9, Bulldozer,Restricted
AUG, Hot Rod,Mil-spec
Negev, Anodized Navy,Mil-spec
Five-SeveN, Candy Apple,Industrial
UMP-45, Caramel,Consumer
Tec-9, Ossified,Mil-spec
M4A4, Jungle Tiger,Industrial
AK-47, Jungle Spray,Industrial
Five-SeveN, Jungle,Consumer
Nova, Forest Leaves,Consumer
Glock-18, Brass,Restricted
P2000, Scorpion,Restricted
AWP, Snake Camo,Mil-spec
Sawed-Off, Copper,Mil-spec
AUG, Copperhead,Mil-spec
SCAR-20, Palm,Industrial
AK-47, Predator,Industrial
M4A4, Desert Storm,Industrial
P90, Death by Kitty,Covert
AWP, BOOM,Classified
AK-47, Red Laminate,Classified
P250, Splash,Restricted
Sawed-Off, Orange DDPAT,Restricted
FAMAS, Doomkitty,Mil-spec
MAG-7, Memento,Mil-spec
M4A4, Faded Zebra,Mil-spec
Tec-9, Brass,Mil-spec
M4A4, Tornado,Industrial
P250, Gunsmoke,Industrial
Nova, Walnut,Consumer
MAG-7, Sand Dune,Consumer
SCAR-20, Splash Jam,Classified
M4A4, Modern Hunter,Restricted
P250, Modern Hunter,Mil-spec
Nova, Modern Hunter,Mil-spec
Nova, Blaze Orange,Mil-spec
XM1014, Blaze Orange,Mil-spec
PP-Bizon, Modern Hunter,Mil-spec
P2000, Grassland Leaves,Industrial
XM1014, Grassland,Consumer
MAC-10, Tornado,Consumer
PP-Bizon, Forest Leaves,Consumer
P250, Nuclear Threat,Restricted
Tec-9, Nuclear Threat,Restricted
M4A4, Radiation Hazard,Mil-spec
UMP-45, Fallout Warning,Industrial
XM1014, Fallout Warning,Industrial
P90, Fallout Warning,Industrial
MAG-7, Irradiated Alert,Consumer
Sawed-Off, Irradiated Alert,Consumer
PP-Bizon, Irradiated Alert,Consumer
MP7, Whiteout,Mil-spec
P2000, Silver,Mil-spec
G3SG1, Arctic Camo,Industrial
FAMAS, Contrast Spray,Consumer
AK-47, Black Laminate,Mil-spec
P90, Glacier Mesh,Mil-spec
PP-Bizon, Carbon Fiber,Industrial
XM1014, Urban Perforated,Consumer
MAC-10, Urban DDPAT,Consumer
SCAR-20, Emerald,Restricted
FAMAS, Spitfire,Restricted
AUG, Anodized Navy,Mil-spec
PP-Bizon, Rust Coat,Mil-spec
MAG-7, Hazard,Mil-spec
P250, Facets,Industrial
Sawed-Off, Mosaico,Industrial
Negev, Palm,Industrial
Glock-18, Sand Dune,Industrial
MP7, Groundwater,Consumer
XM1014, Jungle,Consumer
Five-SeveN, Anodized Gunmetal,Consumer
MP9, Dry Season,Consumer
Tec-9, Tornado,Consumer
AK-47, Fire Serpent,Covert
AWP, Graphite,Classified
P2000, Ocean Foam,Classified
P90, Emerald Dragon,Classified
USP-S, Overgrowth,Restricted
MAC-10, Graven,Restricted
M4A4, Zirka,Restricted
M4A1-S, Bright Water,Restricted
G3SG1, Demeter,Mil-spec
UMP-45, Bone Pile,Mil-spec
Nova, Tempest,Mil-spec
USP-S, Serum,Classified
P90, Cold Blooded,Classified
Nova, Graphite,Restricted
MP9, Hypnotic,Restricted
Five-SeveN, Case Hardened,Restricted
SCAR-20, Crimson Web,Mil-spec
P250, Hive,Mil-spec
FAMAS, Hexane,Mil-spec
M4A1-S, Blood Tiger,Mil-spec
Tec-9, Blue Titanium,Mil-spec
P2000, Amber Fade,Restricted
M4A1-S, VariCamo,Mil-spec
PP-Bizon, Brass,Mil-spec
Sawed-Off, Snake Camo,Industrial
Five-SeveN, Orange Peel,Industrial
Tec-9, VariCamo,Industrial
AK-47, Safari Mesh,Industrial
MAC-10, Palm,Industrial
P250, Sand Dune,Consumer
SCAR-20, Sand Mesh,Consumer
Nova, Predator,Consumer
G3SG1, Desert Storm,Consumer
MP9, Sand Dashed,Consumer
P90, Sand Spray,Consumer
AWP, Pit Viper,Restricted
Sawed-Off, Full Stop,Mil-spec
MP7, Anodized Navy,Mil-spec
M4A1-S, Boreal Forest,Industrial
Nova, Candy Apple,Industrial
UMP-45, Gunsmoke,Industrial
XM1014, CaliCamo,Industrial
P2000, Granite Marbleized,Industrial
Nova, Sand Dune,Consumer
AUG, Contractor,Consumer
Tec-9, Groundwater,Consumer
FAMAS, Colony,Consumer
PP-Bizon, Sand Dashed,Consumer
USP-S, Night Ops,Mil-spec
P90, Teardown,Mil-spec
AWP, Safari Mesh,Industrial
XM1014, Blue Steel,Industrial
FAMAS, Cyanospatter,Industrial
PP-Bizon, Night Ops,Industrial
P250, Boreal Forest,Consumer
AUG, Storm,Consumer
XM1014, Blue Spruce,Consumer
G3SG1, Jungle Dashed,Consumer
MAG-7, Bulldozer,Restricted
UMP-45, Blaze,Mil-spec
MAC-10, Amber Fade,Mil-spec
MP9, Hot Rod,Mil-spec
Negev, CaliCamo,Industrial
Glock-18, Groundwater,Industrial
MP7, Orange Peel,Industrial
P250, Bone Mask,Consumer
AUG, Colony,Consumer
Five-SeveN, Contractor,Consumer
G3SG1, Safari Mesh,Consumer
P90, Scorched,Consumer
M4A1-S, Nitro,Restricted
Five-SeveN, Silver Quartz,Mil-spec
FAMAS, Teardown,Mil-spec
USP-S, Forest Leaves,Industrial
AUG, Condemned,Industrial
G3SG1, VariCamo,Industrial
MP9, Orange Peel,Industrial
SCAR-20, Contractor,Consumer
Tec-9, Army Mesh,Consumer
MP7, Army Recon,Consumer
Tec-9, Red Quartz,Restricted
Sawed-Off, Amber Fade,Mil-spec
P250, Metallic DDPAT,Industrial
SCAR-20, Carbon Fiber,Industrial
MAG-7, Metallic DDPAT,Industrial
M4A4, Urban DDPAT,Industrial
MAC-10, Candy Apple,Industrial
P90, Ash Wood,Industrial
Nova, Polar Mesh,Consumer
UMP-45, Urban DDPAT,Consumer
Five-SeveN, Forest Night,Consumer
G3SG1, Polar Camo,Consumer
PP-Bizon, Urban Dashed,Consumer
M4A4, X-Ray,Covert
AWP, Electric Hive,Classified
FAMAS, Afterimage,Classified
P90, Blind Spot,Restricted
AK-47, Blue Laminate,Restricted
P250, Steel Disruption,Mil-spec
G3SG1, Azure Zebra,Mil-spec
Nova, Ghost Camo,Mil-spec
PP-Bizon, Water Sigil,Mil-spec
Five-SeveN, Nightshade,Mil-spec
M4A4, Asiimov,Covert
Sawed-Off, The Kraken,Covert
AWP, Redline,Classified
P250, Mehndi,Classified
M4A1-S, Guardian,Classified
FAMAS, Pulse,Restricted
MP9, Rose Iron,Restricted
Nova, Rising Skull,Restricted
Five-SeveN, Kami,Mil-spec
PP-Bizon, Cobalt Halftone,Mil-spec
CZ75-Auto, Victoria,Covert
CZ75-Auto, The Fuschia Is Now,Classified
P250, Undertow,Classified
CZ75-Auto, Tread Plate,Restricted
Tec-9, Titanium Bit,Restricted
Five-SeveN, Copper Galaxy,Restricted
CZ75-Auto, Crimson Web,Mil-spec
P2000, Red FragCam,Mil-spec
USP-S, Stainless,Mil-spec
Glock-18, Blue Fissure,Mil-spec
AWP, Asiimov,Covert
AUG, Chameleon,Covert
AK-47, Redline,Classified
P90, Trigon,Classified
Nova, Antique,Classified
MAC-10, Heat,Restricted
USP-S, Guardian,Restricted
FAMAS, Sergeant,Restricted
UMP-45, Corporal,Mil-spec
Negev, Terrain,Mil-spec
Tec-9, Sandstorm,Mil-spec
MAG-7, Heaven Guard,Mil-spec
P250, Franklin,Classified
AK-47, Emerald Pinstripe,Restricted
CZ75-Auto, Tuxedo,Mil-spec
G3SG1, Green Apple,Industrial
Glock-18, Death Rattle,Industrial
MAC-10, Silver,Industrial
Nova, Caged Steel,Industrial
UMP-45, Carbon Fiber,Industrial
MP7, Forest DDPAT,Consumer
Sawed-Off, Forest DDPAT,Consumer
Tec-9, Urban DDPAT,Consumer
Negev, Army Sheen,Consumer
M4A4, Howl,Contraband
AK-47, Vulcan,Covert
M4A1-S, Atomic Alloy,Classified
USP-S, Orion,Classified
SCAR-20, Cyrex,Classified
AUG, Torque,Restricted
XM1014, Heaven Guard,Restricted
MAC-10, Curse,Restricted
PP-Bizon, Antique,Restricted
Tec-9, Isaac,Mil-spec
CZ75-Auto, Poison Dart,Mil-spec
P90, Desert Warfare,Mil-spec
M4A4, Desert-Strike,Covert
MAC-10, Tatter,Restricted
CZ75-Auto, Twist,Mil-spec
P2000, Pulse,Mil-spec
P90, Module,Mil-spec
AK-47, Jet Set,Classified
AK-47, First Class,Restricted
USP-S, Business Class,Mil-spec
Sawed-Off, First Class,Mil-spec
XM1014, Red Leather,Mil-spec
P2000, Coach Class,Industrial
MAC-10, Commuter,Industrial
P90, Leather,Industrial
CZ75-Auto, Green Plaid,Consumer
G3SG1, Contractor,Consumer
MP7, Olive Plaid,Consumer
MP9, Green Plaid,Consumer
M4A1-S, Cyrex,Covert
P90, Asiimov,Covert
Five-SeveN, Fowl Play,Classified
Glock-18, Water Elemental,Classified
P250, Supernova,Restricted
Nova, Koi,Restricted
CZ75-Auto, Tigris,Restricted
PP-Bizon, Osiris,Restricted
Negev, Desert-Strike,Mil-spec
UMP-45, Labyrinth,Mil-spec
P2000, Ivory,Mil-spec
MP7, Urban Hazard,Mil-spec
AWP, Dragon Lore,Covert
M4A1-S, Knight,Classified
CZ75-Auto, Chalice,Restricted
MP9, Dark Age,Mil-spec
P2000, Chainmail,Mil-spec
USP-S, Royal Blue,Industrial
Nova, Green Apple,Industrial
MAG-7, Silver,Industrial
Sawed-Off, Rust Coat,Industrial
P90, Storm,Consumer
UMP-45, Indigo,Consumer
MAC-10, Indigo,Consumer
SCAR-20, Storm,Consumer
Glock-18, Candy Apple,Mil-spec
M4A1-S, Master Piece,Classified
USP-S, Road Rash,Restricted
AWP, Pink DDPAT,Restricted
XM1014, VariCamo Blue,Mil-spec
CZ75-Auto, Nitro,Mil-spec
Glock-18, Night,Industrial
P2000, Grassland,Industrial
MP7, Gunsmoke,Industrial
MAG-7, Storm,Consumer
Sawed-Off, Sage Spray,Consumer
UMP-45, Scorched,Consumer
MP9, Storm,Consumer
AK-47, Jaguar,Covert
M4A4, Bullet Rain,Covert
AWP, Corticera,Classified
Nova, Bloomstick,Classified
AUG, Bengal Tiger,Classified
P2000, Corticera,Classified
Glock-18, Steel Disruption,Restricted
MP7, Ocean Foam,Restricted
PP-Bizon, Blue Streak,Restricted
P90, Virus,Restricted
USP-S, Blood Tiger,Mil-spec
Negev, Bratatat,Mil-spec
XM1014, Red Python,Mil-spec
CZ75-Auto, Hexane,Mil-spec
MAC-10, Ultraviolet,Mil-spec
USP-S, Caiman,Classified
FAMAS, Styx,Restricted
XM1014, Bone Machine,Mil-spec
Tec-9, Toxic,Mil-spec
Glock-18, Reactor,Mil-spec
MAC-10, Nuclear Garden,Mil-spec
MP9, Setting Sun,Mil-spec
P250, Contamination,Industrial
Negev, Nuclear Waste,Industrial
AUG, Radiation Hazard,Industrial
Five-SeveN, Hot Shot,Industrial
PP-Bizon, Chemical Green,Industrial
P2000, Fire Elemental,Covert
AK-47, Wasteland Rebel,Covert
P250, Cartel,Classified
SCAR-20, Cardiac,Classified
XM1014, Tranquility,Classified
M4A1-S, Basilisk,Restricted
Sawed-Off, Highwayman,Restricted
Glock-18, Grinder,Restricted
M4A4, Griffin,Restricted
MAG-7, Firestarter,Mil-spec
UMP-45, Delusion,Mil-spec
Five-SeveN, Urban Hazard,Mil-spec
G3SG1, Murky,Mil-spec
MP9, Dart,Mil-spec
AWP, Man-o'-war,Covert
P250, Muertos,Classified
AK-47, Cartel,Classified
M4A4, 龍王 (Dragon King),Classified
Sawed-Off, Serenity,Restricted
MAC-10, Malachite,Restricted
SCAR-20, Grotto,Mil-spec
XM1014, Quicksilver,Mil-spec
Glock-18, Catacombs,Mil-spec
MP9, Deadly Poison,Mil-spec
M4A1-S, Hyper Beast,Covert
MAC-10, Neon Rider,Covert
Five-SeveN, Monkey Business,Classified
FAMAS, Djinn,Classified
AWP, Worm God,Restricted
MAG-7, Heat,Restricted
UMP-45, Grand Prix,Restricted
CZ75-Auto, Pole Position,Restricted
P250, Valence,Mil-spec
Sawed-Off, Origami,Mil-spec
Negev, Man-o'-war,Mil-spec
AK-47, Elite Build,Mil-spec
MP7, Armor Core,Mil-spec
M4A1-S, Hot Rod,Classified
Glock-18, Twilight Galaxy,Classified
P250, Whiteout,Mil-spec
Five-SeveN, Nitro,Mil-spec
CZ75-Auto, Emerald,Mil-spec
MAC-10, Fade,Mil-spec
MP7, Full Stop,Mil-spec
USP-S, Para Green,Industrial
SCAR-20, Army Sheen,Consumer
MAG-7, Seabird,Consumer
CZ75-Auto, Army Sheen,Consumer
AWP, Hyper Beast,Covert
AK-47, Aquamarine Revenge,Covert
CZ75-Auto, Yellow Jacket,Classified
MP7, Nemesis,Classified
Negev, Loudmouth,Restricted
P2000, Handgun,Restricted
FAMAS, Neural Net,Restricted
M4A4, Evil Daimyo,Restricted
MP9, Ruby Poison Dart,Restricted
USP-S, Torque,Mil-spec
Nova, Ranger,Mil-spec
UMP-45, Riot,Mil-spec
Glock-18, Bunsen Burner,Mil-spec
P90, Elite Build,Mil-spec
AWP, Medusa,Covert
M4A4, Poseidon,Classified
M4A1-S, Icarus Fell,Restricted
G3SG1, Chronos,Restricted
UMP-45, Minotaurs Labyrinth,Mil-spec
MP9, Pandoras Box,Mil-spec
AWP, Sun in Leo,Industrial
Tec-9, Hades,Industrial
P2000, Pathfinder,Industrial
Nova, Moon in Libra,Consumer
AUG, Daedalus,Consumer
MP7, Asterion,Consumer
AUG, Akihabara Accept,Covert
AK-47, Hydroponic,Classified
Five-SeveN, Neon Kimono,Restricted
M4A4, Daybreak,Restricted
MAG-7, Counter Terrace,Mil-spec
Tec-9, Terrace,Mil-spec
P250, Crimson Kimono,Industrial
P250, Mint Kimono,Consumer
Sawed-Off, Bamboo Shadow,Consumer
Tec-9, Bamboo Forest,Consumer
G3SG1, Orange Kimono,Consumer
PP-Bizon, Bamboo Print,Consumer
M4A1-S, Golden Coil,Covert
USP-S, Kill Confirmed,Covert
AK-47, Frontside Misty,Classified
G3SG1, Flux,Classified
P250, Wingshot,Restricted
MP7, Special Delivery,Restricted
SCAR-20, Green Marine,Mil-spec
MAG-7, Cobalt Core,Mil-spec
XM1014, Scumbria,Mil-spec
Glock-18, Wraiths,Mil-spec
FAMAS, Survivor Z,Mil-spec
MAC-10, Rangeen,Mil-spec
R8, Revolver Bone Mask,Consumer
R8, Revolver Amber Fade,Classified
R8, Revolver Fade,Covert
M4A4, Royal Paladin,Covert
AK-47, Point Disarray,Classified
G3SG1, The Executioner,Classified
P90, Shapewood,Classified
Negev, Power Loader,Restricted
XM1014, Teclu Burner,Restricted
Five-SeveN, Retrobution,Restricted
Tec-9, Avalanche,Restricted
PP-Bizon, Fuel Rod,Restricted
R8, Revolver Crimson Web,Mil-spec
SCAR-20, Outbreak,Mil-spec
Sawed-Off, Yorick,Mil-spec
AUG, Ricochet,Mil-spec
P2000, Imperial,Mil-spec
AK-47, Fuel Injector,Covert
M4A4, The Battlestar,Covert
AWP, Elite Build,Classified
Nova, Hyper Beast,Classified
MAG-7, Praetorian,Restricted
Five-SeveN, Triumvirate,Restricted
Glock-18, Royal Legion,Restricted
FAMAS, Valence,Restricted
MP7, Impire,Restricted
USP-S, Lead Conduit,Mil-spec
Tec-9, Jambiya,Mil-spec
MAC-10, Lapis Gator,Mil-spec
PP-Bizon, Photic Zone,Mil-spec
M4A1-S, Chantico's Fire,Covert
PP-Bizon, Judgement of Anubis,Covert
P250, Asiimov,Classified
UMP-45, Primal Saber,Classified
AUG, Fleet Flock,Classified
XM1014, Black Tie,Restricted
Tec-9, Re-Entry,Restricted
CZ75-Auto, Red Astor,Restricted
Sawed-Off, Fubar,Mil-spec
P2000, Oceanic,Mil-spec
G3SG1, Orange Crash,Mil-spec
MP9, Bioleak,Mil-spec
M4A1-S, Mecha Industries,Covert
Glock-18, Wasteland Rebel,Covert
SCAR-20, Bloodsport,Classified
M4A4, Desolate Space,Classified
P2000, Imperial Dragon,Classified
R8, Revolver Reboot,Restricted
AWP, Phobos,Restricted
Sawed-Off, Limelight,Restricted
AUG, Aristocrat,Restricted
P90, Chopper,Restricted
P250, Iron Clad,Mil-spec
Nova, Exo,Mil-spec
Five-SeveN, Violent Daimyo,Mil-spec
MAC-10, Carnivore,Mil-spec
PP-Bizon, Harvester,Mil-spec
Tec-9, Ice Cap,Mil-spec
AK-47, Neon Revolution,Covert
FAMAS, Roll Cage,Covert
Tec-9, Fuel Injector,Classified
MP9, Airlock,Classified
AUG, Syd Mead,Classified
SCAR-20, Powercore,Restricted
MAG-7, Petroglyph,Restricted
Glock-18, Weasel,Restricted
XM1014, Slipstream,Mil-spec
UMP-45, Briefing,Mil-spec
P90, Grim,Mil-spec
Negev, Dazzle,Mil-spec
G3SG1, Ventilator,Mil-spec
Five-SeveN, Scumbria,Mil-spec
CZ75-Auto, Imprint,Mil-spec
M4A4, Buzz Kill,Covert
FAMAS, Mecha Industries,Classified
P90, Shallow Grave,Classified
Sawed-Off, Wasteland Princess,Classified
G3SG1, Stinger,Restricted
M4A1-S, Flashback,Restricted
Nova, Gila,Restricted
USP-S, Cyrex,Restricted
CZ75-Auto, Polymer,Mil-spec
Glock-18, Ironwork,Mil-spec
MP7, Cirrus,Mil-spec
MP9, Sand Scale,Mil-spec
MAG-7, Sonar,Mil-spec
P2000, Turf,Mil-spec
USP-S, Neo-Noir,Covert
AK-47, Bloodsport,Covert
M4A1-S, Decimator,Classified
CZ75-Auto, Xiangliu,Classified
AWP, Fever Dream,Classified
XM1014, Seasons,Restricted
UMP-45, Scaffold,Restricted
MAC-10, Last Dive,Restricted
Five-SeveN, Capillary,Mil-spec
P250, Ripple,Mil-spec
PP-Bizon, Jungle Slipstream,Mil-spec
SCAR-20, Blueprint,Mil-spec
Sawed-Off, Zander,Mil-spec
MP7, Akoben,Mil-spec
Five-SeveN, Hyper Beast,Covert
AWP, Oni Taiji,Covert
M4A4, Hellfire,Classified
AK-47, Orbit Mk01,Restricted
P90, Death Grip,Restricted
P250, Red Rock,Restricted
P2000, Woodsman,Restricted
USP-S, Blueprint,Mil-spec
FAMAS, Macabre,Mil-spec
M4A1-S, Briefing,Mil-spec
MAC-10, Aloha,Mil-spec
MAG-7, Hard Water,Mil-spec
Tec-9, Cut Out,Mil-spec
UMP-45, Metal Flowers,Mil-spec
AK-47, The Empress,Covert
P250, See Ya Later,Covert
M4A1-S, Leaded Glass,Classified
PP-Bizon, High Roller,Classified
R8, Revolver Llama Cannon,Classified
MP9, Goo,Restricted
CZ75-Auto, Tacticat,Restricted
UMP-45, Exposure,Restricted
XM1014, Ziggy,Restricted
Sawed-Off, Morris,Mil-spec
AUG, Triqua,Mil-spec
G3SG1, Hunter,Mil-spec
Glock-18, Off World,Mil-spec
MAC-10, Oceanic,Mil-spec
Tec-9, Cracked Opal,Mil-spec
SCAR-20, Jungle Slipstream,Mil-spec
M4A4, Neo-Noir,Covert
MP7, Bloodsport,Covert
AWP, Mortis,Classified
AUG, Stymphalian,Classified
USP-S, Cortex,Classified
Glock-18, Moonrise,Restricted
MAG-7, SWAG-7,Restricted
Negev, Lionfish,Restricted
Nova, Wild Six,Restricted
UMP-45, Arctic Wolf,Restricted
Five-SeveN, Flame Test,Mil-spec
MP9, Black Sand,Mil-spec
P2000, Urban Hazard,Mil-spec
PP-Bizon, Night Riot,Mil-spec
R8, Revolver Grip,Mil-spec
XM1014, Oxide Blaze,Mil-spec
AK-47, Neon Rider,Covert
M4A1-S, Nightmare,Classified
FAMAS, Eye of Athena,Classified
Sawed-Off, Devourer,Classified
CZ75-Auto, Eco,Restricted
G3SG1, High Seas,Restricted
Nova, Toy Soldier,Restricted
AWP, PAW,Restricted
MP7, Powercore,Restricted
AUG, Amber Slipstream,Mil-spec
Glock-18, Warhawk,Mil-spec
MP9, Capillary,Mil-spec
P90, Traction,Mil-spec
R8, Revolver Survivalist,Mil-spec
Tec-9, Snek-9,Mil-spec
AK-47, Safety Net,Restricted
P250, Vino Primo,Restricted
MP7, Fade,Restricted
USP-S, Check Engine,Mil-spec
M4A4, Converter,Mil-spec
Sawed-Off, Brake Light,Mil-spec
Glock-18, High Beam,Industrial
R8, Revolver Nitro,Industrial
MAC-10, Calf Skin,Industrial
PP-Bizon, Candy Apple,Industrial
MP5-SD, Dirt Drop,Consumer
MP9, Slide,Consumer
AUG, Sweeper,Consumer
UMP-45, Mudder,Consumer
MAG-7, Rust Coat,Consumer
M4A1-S, Control Panel,Classified
Tec-9, Remote Control,Classified
Glock-18, Nuclear Garden,Restricted
MAG-7, Core Breach,Restricted
AUG, Random Access,Restricted
AWP, Acheron,Mil-spec
P250, Exchanger,Mil-spec
MP5-SD, Co-Processor,Mil-spec
P90, Facility Negative,Mil-spec
Negev, Bulkhead,Industrial
MP7, Motherboard,Industrial
M4A4, Mainframe,Industrial
Nova, Mandrel,Consumer
Five-SeveN, Coolant,Consumer
UMP-45, Facility Dark,Consumer
P250, Facility Draft,Consumer
PP-Bizon, Facility Sketch,Consumer
MP5-SD, Lab Rats,Restricted
AWP, Neo-Noir,Covert
AK-47, Asiimov,Covert
MP5-SD, Phosphor,Classified
UMP-45, Momentum,Classified
USP-S, Flashback,Restricted
P250, Nevermore,Restricted
MAC-10, Pipe Down,Restricted
G3SG1, Scavenger,Restricted
Tec-9, Fubar,Mil-spec
Sawed-Off, Black Sand,Mil-spec
M4A4, Magnesium,Mil-spec
Nova, Wood Fired,Mil-spec
Glock-18, Oxide Blaze,Mil-spec
MP9, Modest Threat,Mil-spec
M4A4, The Emperor,Covert
Five-SeveN, Angry Mob,Covert
XM1014, Incinegator,Classified
AUG, Momentum,Classified
R8, Revolver Skull Crusher,Classified
UMP-45, Moonrise,Restricted
MP5-SD, Gauss,Restricted
Tec-9, Bamboozle,Restricted
AWP, Atheris,Restricted
P90, Off World,Mil-spec
P250, Verdigris,Mil-spec
MP7, Mischief,Mil-spec
MAC-10, Whitefish,Mil-spec
AK-47, Uncharted,Mil-spec
FAMAS, Crypsis,Mil-spec
P250, X-Ray,Restricted
AWP, Wildfire,Covert
FAMAS, Commemoration,Covert
AUG, Death by Puppy,Classified
P90, Nostalgia,Classified
MP9, Hydra,Classified
UMP-45, Plastique,Restricted
P250, Inferno,Restricted
Five-SeveN, Buddy,Restricted
MP5-SD, Agent,Restricted
Glock-18, Sacrifice,Mil-spec
FAMAS, Decommissioned,Mil-spec
SCAR-20, Assault,Mil-spec
MAG-7, Popdog,Mil-spec
MAC-10, Classic Crate,Mil-spec
Tec-9, Flash Out,Mil-spec
AWP, The Prince,Covert
MAG-7, Cinquedea,Classified
MP9, Stained Glass,Restricted
MAC-10, Red Filigree,Restricted
Nova, Baroque Orange,Restricted
G3SG1, Violet Murano,Mil-spec
P90, Baroque Red,Mil-spec
AK-47, Baroque Purple,Industrial
Tec-9, Orange Murano,Industrial
P250, Dark Filigree,Industrial
CZ75-Auto, Indigo,Consumer
R8, Revolver Canal Spray,Consumer
AUG, Navy Murano,Consumer
Negev, Boroque Sand,Consumer
SCAR-20, Stone Mosaico,Consumer
AWP, Gungnir,Covert
Negev, Mjölnir,Classified
AUG, Flame Jörmungandr,Restricted
P90, Astral Jörmungandr,Restricted
CZ75-Auto, Emerald Quartz,Mil-spec
MAC-10, Copper Borre,Mil-spec
SCAR-20, Brass,Mil-spec
XM1014, Frost Borre,Mil-spec
MAG-7, Chainmail,Industrial
M4A1-S, Moss Quartz,Industrial
USP-S, Pathfinder,Industrial
MP7, Scorched,Consumer
FAMAS, Night Borre,Consumer
AWP, Containment Breach,Covert
MAC-10, Stalker,Covert
SG-553, Colony IV,Classified
Tec-9, Decimator,Classified
AK-47, Rat Rod,Restricted
AUG, Arctic Wolf,Restricted
MP7, Neon Ply,Restricted
PP-Bizon, Embargo,Restricted
P2000, Obsidian,Restricted
G3SG1, Black Sand,Mil-spec
MP5-SD, Acid Wash,Mil-spec
Nova, Plume,Mil-spec
R8, Revolver Memento,Mil-spec
SCAR-20, Torn,Mil-spec
AK-47, Wild Lotus,Covert
MP9, Wild Lily,Classified
AUG, Midnight Lily,Restricted
Glock-18, Synth Leaf,Restricted
FAMAS, Sundown,Mil-spec
Five-SeveN, Crimson Blossom,Mil-spec
MP7, Teal Blossom,Mil-spec
UMP-45, Day Lily,Mil-spec
M4A4, Dark Blossom,Industrial
P90, Sunset Lily,Industrial
Tec-9, Rust Leaf,Industrial
XM1014, Banana Leaf,Industrial
MAC-10, Surfwood,Consumer
MP5-SD, Bamboo Garden,Consumer
PP-Bizon, Seabird,Consumer
Sawed-Off, Jungle Thicket,Consumer
Glock-18, Bullet Queen,Covert
M4A1-S, Player Two,Covert
MAG-7, Justice,Classified
MAC-10, Disco Tech,Classified
AK-47, Phantom Disruptor,Classified
SCAR-20, Enforcer,Restricted
Sawed-Off, Apocalypto,Restricted
P2000, Acid Etched,Restricted
R8, Revolver Bone Forged,Mil-spec
Negev, Prototype,Mil-spec
MP5-SD, Desert Strike,Mil-spec
CZ75-Auto, Distressed,Mil-spec
AWP, Capillary,Mil-spec
AUG, Tom Cat,Mil-spec
AK-47, Legion of Anubis,Covert
XM1014, Entombed,Classified
Glock-18, Vogue,Classified
M4A4, Tooth Fairy,Classified
MP5-SD, Kitbash,Restricted
MAC-10, Allure,Restricted
Tec-9, Brother,Restricted
MAG-7, Monster Call,Restricted
PP-Bizon, Runic,Mil-spec
P90, Freight,Mil-spec
P250, Cassette,Mil-spec
P2000, Gnarled,Mil-spec
Negev, Ultralight,Mil-spec
M4A1-S, Welcome to the Jungle,Covert
AK-47, Panthera onca,Classified
P90, Run and Hide,Classified
USP-S, Ancient Visions,Restricted
MAC-10, Gold Brick,Restricted
XM1014, Ancient Lore,Restricted
FAMAS, Dark Water,Mil-spec
AUG, Carved Jade,Mil-spec
Tec-9, Blast From the Past,Mil-spec
CZ75-Auto, Silver,Industrial
G3SG1, Ancient Ritual,Industrial
MP7, Tall Grass,Industrial
P2000, Panther Camo,Industrial
R8, Revolver Night,Consumer
Nova, Army Sheen,Consumer
P90, Ancient Earth,Consumer
AWP, Fade,Covert
M4A1-S, Blue Phosphor,Classified
USP-S, Target Acquired,Classified
UMP-45, Crime Scene,Restricted
Five-SeveN, Berries And Cherries,Restricted
FAMAS, Prime Conspiracy,Restricted
SCAR-20, Magna Carta,Mil-spec
P2000, Dispatch,Mil-spec
M4A4, Global Offensive,Mil-spec
MAG-7, Carbon Fiber,Industrial
MP5-SD, Nitro,Industrial
CZ75-Auto, Jungle Dashed,Consumer
P250, Forest Night,Consumer
MP9, Army Sheen,Consumer
AUG, Surveillance,Consumer
XM1014, Charter,Consumer
AK-47, X-Ray,Covert
MAC-10, Hot Snakes,Classified
AWP, Silk Tiger,Classified
Glock-18, Franklin,Restricted
P250, Bengal Tiger,Mil-spec
P90, Tiger Pit,Mil-spec
Negev, Phoenix Stencil,Mil-spec
Nova, Rust Coat,Industrial
R8, Revolver Phoenix Marker,Industrial
UMP-45, Houndstooth,Industrial
MP7, Vault Heist,Industrial
PP-Bizon, Death Rattle,Consumer
Sawed-Off, Clay Ambush,Consumer
Tec-9, Phoenix Chalk,Consumer
M4A1-S, Printstream,Covert
Glock-18, Neo-Noir,Covert
M4A4, Cyber Security,Classified
USP-S, Monster Mashup,Classified
Five-SeveN, Fairy Tale,Classified
UMP-45, Gold Bismuth,Restricted
AWP, Exoskeleton,Restricted
Nova, Clear Polymer,Restricted
MP5-SD, Condition Zero,Mil-spec
P250, Contaminant,Mil-spec
G3SG1, Digital Mesh,Mil-spec
P90, Cocoa Rampage,Mil-spec
CZ75-Auto, Vendetta,Mil-spec
M4A4, In Living Color,Covert
USP-S, The Traitor,Covert
XM1014, XOXO,Classified
MP9, Food Chain,Classified
AK-47, Slate,Restricted
MAC-10, Button Masher,Restricted
Negev, dev_texture,Restricted
P250, Cyber Shell,Restricted
Nova, Windblown,Mil-spec
R8, Revolver Junk Yard,Mil-spec
UMP-45, Oscillator,Mil-spec
CZ75-Auto, Circaetus,Mil-spec
Glock-18, Clear Polymer,Mil-spec
AK-47, Gold Arabesque,Covert
UMP-45, Fade,Classified
MAC-10, Case Hardened,Restricted
USP-S, Orange Anolis,Restricted
M4A4, Red DDPAT,Restricted
G3SG1, New Roots,Mil-spec
P250, Black & Tan,Mil-spec
Nova, Quick Sand,Mil-spec
MP9, Old Roots,Industrial
AUG, Spalted Wood,Industrial
Five-SeveN, Withered Vine,Industrial
MP7, Prey,Consumer
P90, Desert DDPAT,Consumer
Sawed-Off, Parched,Consumer
R8, Revolver Desert Brush,Consumer
AWP, Desert Hydra,Covert
MP5-SD, Oxide Oasis,Classified
Glock-18, Pink DDPAT,Restricted
XM1014, Elegant Vines,Restricted
AUG, Sand Storm,Restricted
USP-S, Purple DDPAT,Mil-spec
MP9, Music Box,Mil-spec
FAMAS, CaliCamo,Industrial
P90, Verdant Growth,Industrial
CZ75-Auto, Midnight Palm,Industrial
P250, Drought,Consumer
MAG-7, Navy Sheen,Consumer
PP-Bizon, Anolis,Consumer
MAC-10, Sienna Damask,Consumer
M4A4, The Coalition,Covert
Glock-18, Gamma Doppler,Covert
USP-S, Whiteout,Classified
FAMAS, Meltdown,Classified
MAC-10, Propaganda,Classified
AWP, POP AWP,Restricted
Nova, Red Quartz,Restricted
CZ75-Auto, Syndicate,Restricted
MP5-SD, Autumn Twilly,Restricted
P2000, Space Race,Restricted
R8, Revolver Blaze,Mil-spec
M4A1-S, Fizzy POP,Mil-spec
AUG, Amber Fade,Mil-spec
Tec-9, Safety Net,Mil-spec
UMP-45, Full Stop,Mil-spec
M4A1-S, Imminent Danger,Covert
Five-SeveN, Fall Hazard,Classified
MAG-7, Prism Terrace,Restricted
P250, Digital Architect,Restricted
Negev, Infrastructure,Mil-spec
AK-47, Green Laminate,Mil-spec
Nova, Interlock,Mil-spec
P90, Schematic,Mil-spec
UMP-45, Mechanism,Industrial
Glock-18, Red Tire,Industrial
PP-Bizon, Breaker Box,Industrial
FAMAS, Faulty Wiring,Consumer
CZ75-Auto, Framework,Consumer
MAC-10, Strats,Consumer
XM1014, Blue Tire,Consumer
AK-47, Leet Museo,Covert
Glock-18, Snack Attack,Classified
MAC-10, Toybox,Classified
M4A4, Spider Lily,Restricted
MP9, Mount Fuji,Restricted
Five-SeveN, Boost Protocol,Restricted
FAMAS, ZX Spectron,Restricted
MAG-7, BI83 Spectrum,Restricted
XM1014, Watchdog,Mil-spec
USP-S, Black Lotus,Mil-spec
PP-Bizon, Lumen,Mil-spec
MP7, Guerrilla,Mil-spec
G3SG1, Keeping Tabs,Mil-spec
AUG, Plague,Mil-spec
AK-47, Nightwish,Covert
MP9, Starlight Protector,Covert
FAMAS, Rapid Eye Movement,Classified
MP7, Abyssal Apparition,Classified
PP-Bizon, Space Cat,Restricted
G3SG1, Dream Glade,Restricted
M4A1-S, Night Terror,Restricted
XM1014, Zombie Offensive,Restricted
USP-S, Ticket to Hell,Restricted
Five-SeveN, Scrawl,Mil-spec
MAC-10, Ensnared,Mil-spec
MAG-7, Foresight,Mil-spec
MP5-SD, Necro Jr.,Mil-spec
P2000, Lifted Spirits,Mil-spec
SCAR-20, Poultrygeist,Mil-spec
Sawed-Off, Spirit Board,Mil-spec
USP-S, Printstream,Covert
AWP, Chromatic Aberration,Covert
AK-47, Ice Coaled,Classified
P250, Visions,Classified
Sawed-Off, Kiss♥Love,Classified
P90, Vent Rush,Restricted
R8, Revolver Crazy 8,Restricted
FAMAS, Meow 36,Mil-spec
M4A4, Poly Mag,Mil-spec
MAC-10, Monkeyflage,Mil-spec
Negev, Drop Me,Mil-spec
UMP-45, Roadblock,Mil-spec
Glock-18, Winterized,Mil-spec
AK-47, Head Shot,Covert
M4A4, Temukau,Covert
P2000, Wicked Sick,Classified
UMP-45, Wild Child,Classified
P90, Neoqueen,Restricted
R8, Revolver Banana Cannon,Restricted
M4A1-S, Emphorosaur-S,Restricted
MAC-10, Sakkaku,Restricted
Glock-18, Umbral Rabbit,Restricted
MAG-7, Insomnia,Mil-spec
MP9, Featherweight,Mil-spec
SCAR-20, Fragments,Mil-spec
P250, Re.built,Mil-spec
MP5-SD, Liquidation,Mil-spec
Tec-9, Rebel,Mil-spec
AWP, Duality,Classified
M4A4, Eye of Horus,Covert
FAMAS, Waters of Nephthys,Classified
P250, Apep's Curse,Classified
Glock-18, Ramese's Reach,Restricted
Nova, Sobek's Bite,Restricted
P90, ScaraB Rush,Restricted
AWP, Black Nile,Mil-spec
AK-47, Steel Delta,Mil-spec
Tec-9, Mummy's Rot,Mil-spec
MAG-7, Copper Coated,Mil-spec
M4A1-S, Mud-Spec,Industrial
USP-S, Desert Tactical,Industrial
MAC-10, Echoing Sands,Industrial
R8, Revolver Inlay,Consumer
XM1014, Hieroglyph,Consumer
AUG, Snake Pit,Consumer
MP7, Sunbaked,Consumer
AK-47, Inheritance,Covert
AWP, Chrome Cannon,Covert
USP-S, Jawbreaker,Classified
M4A1-S, Black Lotus,Classified
Sawed-Off, Analog Input,Restricted
MP7, Just Smile,Restricted
Five-SeveN, Hybrid,Restricted
M4A4, Etch Lord,Restricted
Glock-18, Block-18,Restricted
XM1014, Irezumi,Mil-spec
UMP-45, Motorized,Mil-spec
Tec-9, Slag,Mil-spec
Nova, Dark Sigil,Mil-spec
MAC-10, Light Box,Mil-spec
M4A1-S, Vaporwave,Covert
Glock-18, Gold Toof,Covert
UMP-45, Neo-Noir,Classified
P250, Epicenter,Classified
AK-47, The Outsiders,Classified
P90, Randy Rush,Restricted
MAC-10, Saibā Oni,Restricted
M4A4, Turbine,Restricted
USP-S, 027,Mil-spec
SCAR-20, Trail Blazer,Mil-spec
R8, Revolver Tango,Mil-spec
MP5-SD, Statics,Mil-spec
AUG, Luxe Trim,Mil-spec
AWP, CMYK,Covert
AUG, Lil' Pig,Classified
P90, Attack Vector,Restricted
M4A4, Polysoup,Restricted
CZ75-Auto, Slalom,Restricted
XM1014, Halftone Shift,Mil-spec
SCAR-20, Wild Berry,Mil-spec
AK-47, Crossfade,Mil-spec
P2000, Coral Halftone,Industrial
MP7, Astrolabe,Industrial
FAMAS, Halftone Wash,Industrial
AK-47, B the Monster,Covert
AWP, Crakow!,Classified
XM1014, Monster Melt,Restricted
AUG, Eye of Zapems,Restricted
Nova, Wurst Hölle,Mil-spec
MAC-10, Pipsqueak,Mil-spec
Glock-18, Teal Graf,Mil-spec
MP5-SD, Neon Squeezer,Industrial
P90, Wash me,Industrial
Negev, Wall Bang,Industrial
M4A1-S, Wash me plz,Industrial
Five-SeveN, Midnight Paintover,Industrial
M4A1-S, Fade,Covert
Glock-18, AXIA,Classified
UMP-45, Crimson Foil,Restricted
MP9, Arctic Tri-Tone,Restricted
Five-SeveN, Heat Treated,Restricted
USP-S, Alpine Camo,Mil-spec
P250, Small Game,Mil-spec
Nova, Yorkshire,Mil-spec
MP5-SD, Savannah Halftone,Industrial
PP-Bizon, Cold Cell,Industrial
Tec-9, Tiger Stencil,Industrial
MAG-7, Wildwood,Industrial
FAMAS, Half Sleeve,Industrial
AK-47, Olive Polycam,Industrial
XM1014, Solitude,Restricted
M4A1-S, Stratosphere,Classified
AK-47, Midnight Laminate,Restricted
USP-S, Royal Guard,Restricted
FAMAS, Yeti Camo,Mil-spec
P2000, Royal Baroque,Mil-spec
MP9, Cobalt Paisley,Mil-spec
P90, Reef Grief,Mil-spec
Nova, Turquoise Pour,Industrial
M4A4, Naval Shred Camo,Industrial
Glock-18, Ocean Topo,Industrial
Five-SeveN, Sky Blue,Industrial
XM1014, Gum Wall Camo,Industrial
Negev, Sour Grapes,Industrial
Tec-9, Blue Blast,Consumer
MP9, Buff Blue,Consumer
P90, Blue Tac,Consumer
P250, Plum Netting,Consumer
Sawed-Off, Runoff,Consumer
R8, Revolver Cobalt Grip,Consumer
MP5-SD, Lime Hex,Consumer
MAC-10, Storm Camo,Consumer
AWP, Green Energy,Classified
Glock-18, Glockingbird,Restricted
M4A4, Sheet Lightning,Restricted
AK-47, Wintergreen,Mil-spec
USP-S, Tropical Breeze,Mil-spec
MAC-10, Poplar Thicket,Mil-spec
MP5-SD, Gold Leaf,Mil-spec
XM1014, Copperflage,Mil-spec
MAC-10, Acid Hex,Industrial
AK-47, VariCamo Grey,Industrial
P90, Mustard Gas,Industrial
R8, Revolver Leafhopper,Industrial
Tec-9, Garter-9,Industrial
P2000, Marsh,Industrial
P250, Copper Oxide,Consumer
Negev, Raw Ceramic,Consumer
AUG, Commando Company,Consumer
MP9, Pine,Consumer
FAMAS, Palm,Consumer
Tec-9, Raw Ceramic,Consumer
MAG-7, Copper Oxide,Consumer
UMP-45, Green Swirl,Consumer
G3SG1, Green Cell,Consumer
AWP, Printstream,Covert
FAMAS, Bad Trip,Covert
UMP-45, K.O. Factory,Classified
Glock-18, Shinobu,Classified
AK-47, Searing Rage,Classified
P90, Wave Breaker,Restricted
Nova, Rising Sun,Restricted
XM1014, Mockingbird,Mil-spec
USP-S, PC-GRN,Mil-spec
P2000, Sure Grip,Mil-spec
MP9, Nexus,Mil-spec
MAG-7, Resupply,Mil-spec
M4A4, Choppa,Mil-spec
AK-47, Nouveau Rouge,Classified
M4A1-S, Glitched Paint,Restricted
USP-S, Bleeding Edge,Restricted
AWP, Arsenic Spill,Mil-spec
M4A1-S, Rose Hex,Mil-spec
P250, Red Tide,Mil-spec
Glock-18, Coral Bloom,Mil-spec
MP9, Shredded,Mil-spec
FAMAS, Grey Ghost,Industrial
M4A4, Steel Work,Industrial
P250, Sedimentary,Industrial
Tec-9, Citric Acid,Industrial
MP7, Short Ochre,Consumer
Five-SeveN, Autumn Thicket,Consumer
G3SG1, Red Jasper,Consumer
PP-Bizon, Wood Block Camo,Consumer
Nova, Marsh Grass,Consumer
SCAR-20, Short Ochre,Consumer
XM1014, Canvas Cloud,Consumer
CZ75-Auto, Pink Pearl,Consumer
MAC-10, Bronzer,Consumer
P90, Desert Halftone,Consumer
MP9, Multi-Terrain,Consumer
AWP, LongDog,Covert
MP9, Latte Rush,Classified
M4A4, Hellish,Classified
Tec-9, Whiteout,Restricted
MAC-10, Derailment,Restricted
XM1014, Run Run Run,Mil-spec
UMP-45, Late Night Transit,Mil-spec
FAMAS, 2A2F,Mil-spec
Glock-18, Green Line,Mil-spec
P250, Constructivist,Industrial
Nova, Rain Station,Industrial
P90, Straight Dimes,Industrial
CZ75-Auto, Copper Fiber,Industrial
AUG, Steel Sentinel,Industrial
Desert Eagle, Blaze,Restricted
Desert Eagle, Blue Ply,Mil-spec
Desert Eagle, Bronze Deco,Mil-spec
Desert Eagle, Calligraffiti,Mil-spec
Desert Eagle, Cobalt Disruption,Classified
Desert Eagle, Code Red,Covert
Desert Eagle, Conspiracy,Classified
Desert Eagle, Corinthian,Mil-spec
Desert Eagle, Crimson Web,Restricted
Desert Eagle, Directive,Restricted
Desert Eagle, Emerald Jörmungandr,Restricted
Desert Eagle, Fennec Fox,Classified
Desert Eagle, Golden Koi,Covert
Desert Eagle, Hand Cannon,Restricted
Desert Eagle, Heat Treated,Classified
Desert Eagle, Heirloom,Restricted
Desert Eagle, Hypnotic,Classified
Desert Eagle, Kumicho Dragon,Classified
Desert Eagle, Light Rail,Restricted
Desert Eagle, Mecha Industries,Classified
Desert Eagle, Meteorite,Mil-spec
Desert Eagle, Midnight Storm,Industrial
Desert Eagle, Mint Fan,Mil-spec
Desert Eagle, Mudder,Industrial
Desert Eagle, Mulberry,Restricted
Desert Eagle, Naga,Restricted
Desert Eagle, Night,Industrial
Desert Eagle, Night Heist,Mil-spec
Desert Eagle, Ocean Drive,Covert
Desert Eagle, Oxide Blaze,Mil-spec
Desert Eagle, Pilot,Restricted
Desert Eagle, Printstream,Covert
Desert Eagle, Serpent Strike,Restricted
Desert Eagle, Sputnik,Mil-spec
Desert Eagle, Starcade,Classified
Desert Eagle, Sunset Storm 壱,Restricted
Desert Eagle, Sunset Storm 弐,Restricted
Desert Eagle, The Bronze,Industrial
Desert Eagle, Tilted,Industrial
Desert Eagle, Trigger Discipline,Restricted
Desert Eagle, Urban DDPAT,Industrial
Desert Eagle, Urban Rubble,Mil-spec
Dual Berettas, Anodized Navy,Mil-spec
Dual Berettas, Balance,Mil-spec
Dual Berettas, Black Limba,Mil-spec
Dual Berettas, BorDeux,Consumer
Dual Berettas, Briar,Consumer
Dual Berettas, Cartel,Mil-spec
Dual Berettas, Cobalt Quartz,Restricted
Dual Berettas, Cobra Strike,Classified
Dual Berettas, Colony,Consumer
Dual Berettas, Contractor,Consumer
Dual Berettas, Demolition,Restricted
Dual Berettas, Dezastre,Restricted
Dual Berettas, Drift Wood,Industrial
Dual Berettas, Dualing Dragons,Mil-spec
Dual Berettas, Duelist,Restricted
Dual Berettas, Elite 1.6,Mil-spec
Dual Berettas, Emerald,Mil-spec
Dual Berettas, Flora Carnivora,Restricted
Dual Berettas, Heist,Consumer
Dual Berettas, Hemoglobin,Restricted
Dual Berettas, Hideout,Mil-spec
Dual Berettas, Hydro Strike,Restricted
Dual Berettas, Marina,Restricted
Dual Berettas, Melondrama,Classified
Dual Berettas, Moon in Libra,Consumer
Dual Berettas, Oil Change,Consumer
Dual Berettas, Panther,Mil-spec
Dual Berettas, Polished Malachite,Industrial
Dual Berettas, Pyre,Industrial
Dual Berettas, Retribution,Mil-spec
Dual Berettas, Rose Nacre,Industrial
Dual Berettas, Royal Consorts,Restricted
Dual Berettas, Shred,Mil-spec
Dual Berettas, Stained,Industrial
Dual Berettas, Sweet Little Angels,Restricted
Dual Berettas, Switch Board,Industrial
Dual Berettas, Tread,Mil-spec
Dual Berettas, Twin Turbo,Classified
Dual Berettas, Urban Shock,Restricted
Dual Berettas, Ventilators,Mil-spec
Galil AR, Acid Dart,Industrial
Galil AR, Akoben,Mil-spec
Galil AR, Amber Fade,Mil-spec
Galil AR, Aqua Terrace,Mil-spec
Galil AR, Black Sand,Mil-spec
Galil AR, Blue Titanium,Mil-spec
Galil AR, CAUTION!,Restricted
Galil AR, Cerberus,Restricted
Galil AR, Chatterbox,Covert
Galil AR, Chromatic Aberration,Classified
Galil AR, Cold Fusion,Industrial
Galil AR, Connexion,Restricted
Galil AR, Control,Restricted
Galil AR, Crimson Tsunami,Restricted
Galil AR, Destroyer,Mil-spec
Galil AR, Dusk Ruins,Mil-spec
Galil AR, Eco,Classified
Galil AR, Firefight,Restricted
Galil AR, Green Apple,Industrial
Galil AR, Grey Smoke,Consumer
Galil AR, Hunting Blind,Consumer
Galil AR, Kami,Mil-spec
Galil AR, Metallic Squeezer,Mil-spec
Galil AR, NV,Industrial
Galil AR, O-Ranger,Industrial
Galil AR, Orange DDPAT,Restricted
Galil AR, Phoenix Blacklight,Restricted
Galil AR, Rainbow Spoon,Classified
Galil AR, Robin's Egg,Industrial
Galil AR, Rocket Pop,Mil-spec
Galil AR, Sage Spray,Consumer
Galil AR, Sandstorm,Mil-spec
Galil AR, Shattered,Mil-spec
Galil AR, Signal,Restricted
Galil AR, Stone Cold,Restricted
Galil AR, Sugar Rush,Classified
Galil AR, Tornado,Consumer
Galil AR, Tuxedo,Mil-spec
Galil AR, Urban Rubble,Industrial
Galil AR, Vandal,Mil-spec
Galil AR, VariCamo,Industrial
Galil AR, Winter Forest,Industrial
M249, Aztec,Restricted
M249, Blizzard Marbleized,Industrial
M249, Contrast Spray,Consumer
M249, Deep Relief,Mil-spec
M249, Downtown,Restricted
M249, Emerald Poison Dart,Restricted
M249, Gator Mesh,Industrial
M249, Humidor,Mil-spec
M249, Hypnosis,Mil-spec
M249, Impact Drill,Consumer
M249, Jungle,Consumer
M249, Jungle DDPAT,Consumer
M249, Magma,Mil-spec
M249, Midnight Palm,Industrial
M249, Nebula Crusader,Restricted
M249, O.S.I.P.R.,Mil-spec
M249, Predator,Consumer
M249, Sage Camo,Consumer
M249, Shipping Forecast,Industrial
M249, Spectre,Mil-spec
M249, Spectrogram,Industrial
M249, Submerged,Consumer
M249, System Lock,Mil-spec
M249, Warbird,Mil-spec
SG 553, Aerial,Mil-spec
SG 553, Aloha,Mil-spec
SG 553, Anodized Navy,Mil-spec
SG 553, Army Sheen,Consumer
SG 553, Atlas,Mil-spec
SG 553, Barricade,Consumer
SG 553, Basket Halftone,Industrial
SG 553, Berry Gel Coat,Mil-spec
SG 553, Bleached,Consumer
SG 553, Bulldozer,Restricted
SG 553, Candy Apple,Industrial
SG 553, Cyberforce,Mil-spec
SG 553, Cyrex,Classified
SG 553, Damascus Steel,Mil-spec
SG 553, Danger Close,Mil-spec
SG 553, Darkwing,Restricted
SG 553, Desert Blossom,Mil-spec
SG 553, Dragon Tech,Restricted
SG 553, Fallout Warning,Industrial
SG 553, Gator Mesh,Industrial
SG 553, Hazard Pay,Classified
SG 553, Heavy Metal,Mil-spec
SG 553, Hypnotic,Restricted
SG 553, Integrale,Classified
SG 553, Lush Ruins,Consumer
SG 553, Night Camo,Consumer
SG 553, Ol' Rusty,Mil-spec
SG 553, Phantom,Restricted
SG 553, Pulse,Restricted
SG 553, Tiger Moth,Restricted
SG 553, Tornado,Consumer
SG 553, Traveler,Industrial
SG 553, Triarch,Restricted
SG 553, Ultraviolet,Mil-spec
SG 553, Wave Spray,Mil-spec
SG 553, Waves Perforated,Consumer
SSG 08, Abyss,Mil-spec
SSG 08, Acid Fade,Mil-spec
SSG 08, Azure Glyph,Industrial
SSG 08, Big Iron,Classified
SSG 08, Blood in the Water,Covert
SSG 08, Bloodshot,Classified
SSG 08, Blue Spruce,Consumer
SSG 08, Blush Pour,Mil-spec
SSG 08, Carbon Fiber,Industrial
SSG 08, Dark Water,Mil-spec
SSG 08, Death Strike,Classified
SSG 08, Death's Head,Restricted
SSG 08, Detour,Mil-spec
SSG 08, Dezastre,Mil-spec
SSG 08, Dragonfire,Covert
SSG 08, Fever Dream,Restricted
SSG 08, Ghost Crusader,Restricted
SSG 08, Green Ceramic,Consumer
SSG 08, Grey Smoke,Consumer
SSG 08, Halftone Whorl,Industrial
SSG 08, Hand Brake,Mil-spec
SSG 08, Jungle Dashed,Consumer
SSG 08, Lichen Dashed,Consumer
SSG 08, Mainframe 001,Mil-spec
SSG 08, Mayan Dreams,Industrial
SSG 08, Memorial,Mil-spec
SSG 08, Necropos,Mil-spec
SSG 08, Orange Filigree,Mil-spec
SSG 08, Parallax,Restricted
SSG 08, Prey,Consumer
SSG 08, Rapid Transit,Restricted
SSG 08, Red Stone,Consumer
SSG 08, Sand Dune,Consumer
SSG 08, Sea Calico,Restricted
SSG 08, Slashed,Mil-spec
SSG 08, Spring Twilly,Mil-spec
SSG 08, Threat Detected,Mil-spec
SSG 08, Tiger Tear,Industrial
SSG 08, Tropical Storm,Industrial
SSG 08, Turbo Peek,Classified
SSG 08, Zeno,Mil-spec
Zeus x27, Charged Up,Restricted
Zeus x27, Dragon Snore,Classified
Zeus x27, Electric Blue,Industrial
Zeus x27, Olympus,Classified
Zeus x27, Swamp DDPAT,Consumer
Zeus x27, Tosai,Restricted