GUN,SKIN,QUALITY,skin_and_name,Case
Tec-9, Flash Out,Mil-Spec,Tec-9 | Flash Out,CS20 Case
MP5-SD, Agent,Restricted,MP5-SD | Agent,CS20 Case
UMP-45, Plastique,Restricted,UMP-45 | Plastique,CS20 Case
SCAR-20, Assault,Mil-Spec,SCAR-20 | Assault,CS20 Case
FAMAS, Decommissioned,Mil-Spec,FAMAS | Decommissioned,CS20 Case
MP9, Hydra,Classified,MP9 | Hydra,CS20 Case
FAMAS, Commemoration,Covert,FAMAS | Commemoration,CS20 Case
M249, Aztec,Restricted,M249 | Aztec,CS20 Case
MAC-10, Classic Crate,Mil-Spec,MAC-10 | Classic Crate,CS20 Case
MAG-7, Popdog,Mil-Spec,MAG-7 | Popdog,CS20 Case
Five-SeveN, Buddy,Restricted,Five-SeveN | Buddy,CS20 Case
Glock-18, Sacrifice,Mil-Spec,Glock-18 | Sacrifice,CS20 Case
P250, Inferno,Restricted,P250 | Inferno,CS20 Case
P90, Nostalgia,Classified,P90 | Nostalgia,CS20 Case
Dual Berettas, Elite 1.6,Mil-Spec,Dual Berettas | Elite 1.6,CS20 Case
AWP, Wildfire,Covert,AWP | Wildfire,CS20 Case
AUG, Death by Puppy,Classified,AUG | Death by Puppy,CS20 Case
SG 553, Ultraviolet,Mil-Spec,SG 553 | Ultraviolet,CS:GO Weapon Case
MP7, Skulls,Mil-Spec,MP7 | Skulls,CS:GO Weapon Case
AUG, Wings,Mil-Spec,AUG | Wings,CS:GO Weapon Case
AK-47, Case Hardened,Classified,AK-47 | Case Hardened,CS:GO Weapon Case
Desert Eagle, Hypnotic,Classified,Desert Eagle | Hypnotic,CS:GO Weapon Case
M4A1-S, Dark Water,Restricted,M4A1-S | Dark Water,CS:GO Weapon Case
Glock-18, Dragon Tattoo,Restricted,Glock-18 | Dragon Tattoo,CS:GO Weapon Case
AWP, Lightning Strike,Covert,AWP | Lightning Strike,CS:GO Weapon Case
USP-S, Dark Water,Restricted,USP-S | Dark Water,CS:GO Weapon Case
Five-SeveN, Case Hardened,Restricted,Five-SeveN | Case Hardened,CS:GO Weapon Case 2
SSG 08, Blood in the Water,Covert,SSG 08 | Blood in the Water,CS:GO Weapon Case 2
Dual Berettas, Hemoglobin,Restricted,Dual Berettas | Hemoglobin,CS:GO Weapon Case 2
P90, Cold Blooded,Classified,P90 | Cold Blooded,CS:GO Weapon Case 2
P250, Hive,Mil-Spec,P250 | Hive,CS:GO Weapon Case 2
FAMAS, Hexane,Mil-Spec,FAMAS | Hexane,CS:GO Weapon Case 2
Tec-9, Blue Titanium,Mil-Spec,Tec-9 | Blue Titanium,CS:GO Weapon Case 2
Nova, Graphite,Restricted,Nova | Graphite,CS:GO Weapon Case 2
M4A1-S, Blood Tiger,Mil-Spec,M4A1-S | Blood Tiger,CS:GO Weapon Case 2
MP9, Hypnotic,Restricted,MP9 | Hypnotic,CS:GO Weapon Case 2
USP-S, Serum,Classified,USP-S | Serum,CS:GO Weapon Case 2
SCAR-20, Crimson Web,Mil-Spec,SCAR-20 | Crimson Web,CS:GO Weapon Case 2
P2000, Red FragCam,Mil-Spec,P2000 | Red FragCam,CS:GO Weapon Case 3
P250, Undertow,Classified,P250 | Undertow,CS:GO Weapon Case 3
CZ75-Auto, Victoria,Covert,CZ75-Auto | Victoria,CS:GO Weapon Case 3
Glock-18, Blue Fissure,Mil-Spec,Glock-18 | Blue Fissure,CS:GO Weapon Case 3
Five-SeveN, Copper Galaxy,Restricted,Five-SeveN | Copper Galaxy,CS:GO Weapon Case 3
Dual Berettas, Panther,Mil-Spec,Dual Berettas | Panther,CS:GO Weapon Case 3
CZ75-Auto, Crimson Web,Mil-Spec,CZ75-Auto | Crimson Web,CS:GO Weapon Case 3
Desert Eagle, Heirloom,Restricted,Desert Eagle | Heirloom,CS:GO Weapon Case 3
CZ75-Auto, Tread Plate,Restricted,CZ75-Auto | Tread Plate,CS:GO Weapon Case 3
Tec-9, Titanium Bit,Restricted,Tec-9 | Titanium Bit,CS:GO Weapon Case 3
USP-S, Stainless,Mil-Spec,USP-S | Stainless,CS:GO Weapon Case 3
CZ75-Auto, The Fuschia Is Now,Classified,CZ75-Auto | The Fuschia Is Now,CS:GO Weapon Case 3
FAMAS, Djinn,Classified,FAMAS | Djinn,Chroma 2 Case
MAG-7, Heat,Restricted,MAG-7 | Heat,Chroma 2 Case
MAC-10, Neon Rider,Covert,MAC-10 | Neon Rider,Chroma 2 Case
Negev, Man-o'-war,Mil-Spec,Negev | Man-o'-war,Chroma 2 Case
M4A1-S, Hyper Beast,Covert,M4A1-S | Hyper Beast,Chroma 2 Case
Five-SeveN, Monkey Business,Classified,Five-SeveN | Monkey Business,Chroma 2 Case
CZ75-Auto, Pole Position,Restricted,CZ75-Auto | Pole Position,Chroma 2 Case
AK-47, Elite Build,Mil-Spec,AK-47 | Elite Build,Chroma 2 Case
UMP-45, Grand Prix,Restricted,UMP-45 | Grand Prix,Chroma 2 Case
Sawed-Off, Origami,Mil-Spec,Sawed-Off | Origami,Chroma 2 Case
MP7, Armor Core,Mil-Spec,MP7 | Armor Core,Chroma 2 Case
AWP, Worm God,Restricted,AWP | Worm God,Chroma 2 Case
Desert Eagle, Bronze Deco,Mil-Spec,Desert Eagle | Bronze Deco,Chroma 2 Case
Galil AR, Eco,Classified,Galil AR | Eco,Chroma 2 Case
P250, Valence,Mil-Spec,P250 | Valence,Chroma 2 Case
XM1014, Black Tie,Restricted,XM1014 | Black Tie,Chroma 3 Case
MP9, Bioleak,Mil-Spec,MP9 | Bioleak,Chroma 3 Case
UMP-45, Primal Saber,Classified,UMP-45 | Primal Saber,Chroma 3 Case
G3SG1, Orange Crash,Mil-Spec,G3SG1 | Orange Crash,Chroma 3 Case
SG 553, Atlas,Mil-Spec,SG 553 | Atlas,Chroma 3 Case
Tec-9, Re-Entry,Restricted,Tec-9 | Re-Entry,Chroma 3 Case
Dual Berettas, Ventilators,Mil-Spec,Dual Berettas | Ventilators,Chroma 3 Case
PP-Bizon, Judgement of Anubis,Covert,PP-Bizon | Judgement of Anubis,Chroma 3 Case
Sawed-Off, Fubar,Mil-Spec,Sawed-Off | Fubar,Chroma 3 Case
Galil AR, Firefight,Restricted,Galil AR | Firefight,Chroma 3 Case
SSG 08, Ghost Crusader,Restricted,SSG 08 | Ghost Crusader,Chroma 3 Case
M4A1-S, Chantico's Fire,Covert,M4A1-S | Chantico's Fire,Chroma 3 Case
M249, Spectre,Mil-Spec,M249 | Spectre,Chroma 3 Case
P2000, Oceanic,Mil-Spec,P2000 | Oceanic,Chroma 3 Case
CZ75-Auto, Red Astor,Restricted,CZ75-Auto | Red Astor,Chroma 3 Case
P250, Asiimov,Classified,P250 | Asiimov,Chroma 3 Case
AUG, Fleet Flock,Classified,AUG | Fleet Flock,Chroma 3 Case
M4A4, 龍王 (Dragon King),Classified,M4A4 | 龍王 (Dragon King),Chroma Case
MAC-10, Malachite,Restricted,MAC-10 | Malachite,Chroma Case
M249, System Lock,Mil-Spec,M249 | System Lock,Chroma Case
Glock-18, Catacombs,Mil-Spec,Glock-18 | Catacombs,Chroma Case
Galil AR, Chatterbox,Covert,Galil AR | Chatterbox,Chroma Case
AK-47, Cartel,Classified,AK-47 | Cartel,Chroma Case
AWP, Man-o'-war,Covert,AWP | Man-o'-war,Chroma Case
XM1014, Quicksilver,Mil-Spec,XM1014 | Quicksilver,Chroma Case
SCAR-20, Grotto,Mil-Spec,SCAR-20 | Grotto,Chroma Case
Sawed-Off, Serenity,Restricted,Sawed-Off | Serenity,Chroma Case
P250, Muertos,Classified,P250 | Muertos,Chroma Case
Dual Berettas, Urban Shock,Restricted,Dual Berettas | Urban Shock,Chroma Case
MP9, Deadly Poison,Mil-Spec,MP9 | Deadly Poison,Chroma Case
Desert Eagle, Naga,Restricted,Desert Eagle | Naga,Chroma Case
AWP, Mortis,Classified,AWP | Mortis,Clutch Case
Nova, Wild Six,Restricted,Nova | Wild Six,Clutch Case
Glock-18, Moonrise,Restricted,Glock-18 | Moonrise,Clutch Case
XM1014, Oxide Blaze,Mil-Spec,XM1014 | Oxide Blaze,Clutch Case
M4A4, Neo-Noir,Covert,M4A4 | Neo-Noir,Clutch Case
USP-S, Cortex,Classified,USP-S | Cortex,Clutch Case
P2000, Urban Hazard,Mil-Spec,P2000 | Urban Hazard,Clutch Case
MP7, Bloodsport,Covert,MP7 | Bloodsport,Clutch Case
Negev, Lionfish,Restricted,Negev | Lionfish,Clutch Case
Five-SeveN, Flame Test,Mil-Spec,Five-SeveN | Flame Test,Clutch Case
AUG, Stymphalian,Classified,AUG | Stymphalian,Clutch Case
UMP-45, Arctic Wolf,Restricted,UMP-45 | Arctic Wolf,Clutch Case
MAG-7, SWAG-7,Restricted,MAG-7 | SWAG-7,Clutch Case
MP9, Black Sand,Mil-Spec,MP9 | Black Sand,Clutch Case
SG 553, Aloha,Mil-Spec,SG 553 | Aloha,Clutch Case
R8 Revolver,Grip,Mil-Spec,R8 Revolver | Grip,Clutch Case
PP-Bizon, Night Riot,Mil-Spec,PP-Bizon | Night Riot,Clutch Case
AWP, Neo-Noir,Covert,AWP | Neo-Noir,Danger Zone Case
Galil AR, Signal,Restricted,Galil AR | Signal,Danger Zone Case
AK-47, Asiimov,Covert,AK-47 | Asiimov,Danger Zone Case
Sawed-Off, Black Sand,Mil-Spec,Sawed-Off | Black Sand,Danger Zone Case
G3SG1, Scavenger,Restricted,G3SG1 | Scavenger,Danger Zone Case
SG 553, Danger Close,Mil-Spec,SG 553 | Danger Close,Danger Zone Case
Glock-18, Oxide Blaze,Mil-Spec,Glock-18 | Oxide Blaze,Danger Zone Case
P250, Nevermore,Restricted,P250 | Nevermore,Danger Zone Case
Nova, Wood Fired,Mil-Spec,Nova | Wood Fired,Danger Zone Case
UMP-45, Momentum,Classified,UMP-45 | Momentum,Danger Zone Case
Desert Eagle, Mecha Industries,Classified,Desert Eagle | Mecha Industries,Danger Zone Case
MP5-SD, Phosphor,Classified,MP5-SD | Phosphor,Danger Zone Case
Tec-9, Fubar,Mil-Spec,Tec-9 | Fubar,Danger Zone Case
USP-S, Flashback,Restricted,USP-S | Flashback,Danger Zone Case
M4A4, Magnesium,Mil-Spec,M4A4 | Magnesium,Danger Zone Case
MP9, Modest Threat,Mil-Spec,MP9 | Modest Threat,Danger Zone Case
MAC-10, Pipe Down,Restricted,MAC-10 | Pipe Down,Danger Zone Case
Five-SeveN, Scrawl,Mil-Spec,Five-SeveN | Scrawl,Dreams & Nightmares Case
G3SG1, Dream Glade,Restricted,G3SG1 | Dream Glade,Dreams & Nightmares Case
MP7, Abyssal Apparition,Classified,MP7 | Abyssal Apparition,Dreams & Nightmares Case
MP5-SD, Necro Jr.,Mil-Spec,MP5-SD | Necro Jr.,Dreams & Nightmares Case
SCAR-20, Poultrygeist,Mil-Spec,SCAR-20 | Poultrygeist,Dreams & Nightmares Case
PP-Bizon, Space Cat,Restricted,PP-Bizon | Space Cat,Dreams & Nightmares Case
MAG-7, Foresight,Mil-Spec,MAG-7 | Foresight,Dreams & Nightmares Case
P2000, Lifted Spirits,Mil-Spec,P2000 | Lifted Spirits,Dreams & Nightmares Case
FAMAS, Rapid Eye Movement,Classified,FAMAS | Rapid Eye Movement,Dreams & Nightmares Case
MAC-10, Ensnared,Mil-Spec,MAC-10 | Ensnared,Dreams & Nightmares Case
M4A1-S, Night Terror,Restricted,M4A1-S | Night Terror,Dreams & Nightmares Case
AK-47, Nightwish,Covert,AK-47 | Nightwish,Dreams & Nightmares Case
USP-S, Ticket to Hell,Restricted,USP-S | Ticket to Hell,Dreams & Nightmares Case
Sawed-Off, Spirit Board,Mil-Spec,Sawed-Off | Spirit Board,Dreams & Nightmares Case
Dual Berettas, Melondrama,Classified,Dual Berettas | Melondrama,Dreams & Nightmares Case
XM1014, Zombie Offensive,Restricted,XM1014 | Zombie Offensive,Dreams & Nightmares Case
MP9, Starlight Protector,Covert,MP9 | Starlight Protector,Dreams & Nightmares Case
FAMAS, Neural Net,Restricted,FAMAS | Neural Net,Falchion Case
AK-47, Aquamarine Revenge,Covert,AK-47 | Aquamarine Revenge,Falchion Case
Galil AR, Rocket Pop,Mil-Spec,Galil AR | Rocket Pop,Falchion Case
USP-S, Torque,Mil-Spec,USP-S | Torque,Falchion Case
UMP-45, Riot,Mil-Spec,UMP-45 | Riot,Falchion Case
SG 553, Cyrex,Classified,SG 553 | Cyrex,Falchion Case
P90, Elite Build,Mil-Spec,P90 | Elite Build,Falchion Case
P2000, Handgun,Restricted,P2000 | Handgun,Falchion Case
Nova, Ranger,Mil-Spec,Nova | Ranger,Falchion Case
Negev, Loudmouth,Restricted,Negev | Loudmouth,Falchion Case
MP9, Ruby Poison Dart,Restricted,MP9 | Ruby Poison Dart,Falchion Case
CZ75-Auto, Yellow Jacket,Classified,CZ75-Auto | Yellow Jacket,Falchion Case
MP7, Nemesis,Classified,MP7 | Nemesis,Falchion Case
Glock-18, Bunsen Burner,Mil-Spec,Glock-18 | Bunsen Burner,Falchion Case
M4A4, Evil Daimyo,Restricted,M4A4 | Evil Daimyo,Falchion Case
AWP, Hyper Beast,Covert,AWP | Hyper Beast,Falchion Case
MP9, Nexus,Mil-Spec,MP9 | Nexus,Fever Case
XM1014, Mockingbird,Mil-Spec,XM1014 | Mockingbird,Fever Case
USP-S, PC-GRN,Mil-Spec,USP-S | PC-GRN,Fever Case
Glock-18, Shinobu,Classified,Glock-18 | Shinobu,Fever Case
UMP-45, K.O. Factory,Classified,UMP-45 | K.O. Factory,Fever Case
SSG 08, Memorial,Mil-Spec,SSG 08 | Memorial,Fever Case
Desert Eagle, Serpent Strike,Restricted,Desert Eagle | Serpent Strike,Fever Case
P90, Wave Breaker,Restricted,P90 | Wave Breaker,Fever Case
M4A4, Choppa,Mil-Spec,M4A4 | Choppa,Fever Case
P2000, Sure Grip,Mil-Spec,P2000 | Sure Grip,Fever Case
Galil AR, Control,Restricted,Galil AR | Control,Fever Case
MAG-7, Resupply,Mil-Spec,MAG-7 | Resupply,Fever Case
FAMAS, Bad Trip,Covert,FAMAS | Bad Trip,Fever Case
Nova, Rising Sun,Restricted,Nova | Rising Sun,Fever Case
Zeus x27, Tosai,Restricted,Zeus x27 | Tosai,Fever Case
AWP, Printstream,Covert,AWP | Printstream,Fever Case
AK-47, Searing Rage,Classified,AK-47 | Searing Rage,Fever Case
Glock-18, Vogue,Classified,Glock-18 | Vogue,Fracture Case
Tec-9, Brother,Restricted,Tec-9 | Brother,Fracture Case
SSG 08, Mainframe 001,Mil-Spec,SSG 08 | Mainframe 001,Fracture Case
Desert Eagle, Printstream,Covert,Desert Eagle | Printstream,Fracture Case
P2000, Gnarled,Mil-Spec,P2000 | Gnarled,Fracture Case
P90, Freight,Mil-Spec,P90 | Freight,Fracture Case
AK-47, Legion of Anubis,Covert,AK-47 | Legion of Anubis,Fracture Case
P250, Cassette,Mil-Spec,P250 | Cassette,Fracture Case
SG 553, Ol' Rusty,Mil-Spec,SG 553 | Ol' Rusty,Fracture Case
PP-Bizon, Runic,Mil-Spec,PP-Bizon | Runic,Fracture Case
XM1014, Entombed,Classified,XM1014 | Entombed,Fracture Case
MAC-10, Allure,Restricted,MAC-10 | Allure,Fracture Case
Galil AR, Connexion,Restricted,Galil AR | Connexion,Fracture Case
M4A4, Tooth Fairy,Classified,M4A4 | Tooth Fairy,Fracture Case
Negev, Ultralight,Mil-Spec,Negev | Ultralight,Fracture Case
MAG-7, Monster Call,Restricted,MAG-7 | Monster Call,Fracture Case
MP5-SD, Kitbash,Restricted,MP5-SD | Kitbash,Fracture Case
SCAR-20, Trail Blazer,Mil-Spec,SCAR-20 | Trail Blazer,Gallery Case
P90, Randy Rush,Restricted,P90 | Randy Rush,Gallery Case
M249, Hypnosis,Mil-Spec,M249 | Hypnosis,Gallery Case
SSG 08, Rapid Transit,Restricted,SSG 08 | Rapid Transit,Gallery Case
Desert Eagle, Calligraffiti,Mil-Spec,Desert Eagle | Calligraffiti,Gallery Case
P250, Epicenter,Classified,P250 | Epicenter,Gallery Case
M4A1-S, Vaporwave,Covert,M4A1-S | Vaporwave,Gallery Case
AK-47, The Outsiders,Classified,AK-47 | The Outsiders,Gallery Case
R8 Revolver,Tango,Mil-Spec,R8 Revolver | Tango,Gallery Case
AUG, Luxe Trim,Mil-Spec,AUG | Luxe Trim,Gallery Case
UMP-45, Neo-Noir,Classified,UMP-45 | Neo-Noir,Gallery Case
MAC-10, Saibā Oni,Restricted,MAC-10 | Saibā Oni,Gallery Case
MP5-SD, Statics,Mil-Spec,MP5-SD | Statics,Gallery Case
M4A4, Turbine,Restricted,M4A4 | Turbine,Gallery Case
Dual Berettas, Hydro Strike,Restricted,Dual Berettas | Hydro Strike,Gallery Case
USP-S,27,Mil-Spec,USP-S | 27,Gallery Case
Glock-18, Gold Toof,Covert,Glock-18 | Gold Toof,Gallery Case
Negev, Dazzle,Mil-Spec,Negev | Dazzle,Gamma 2 Case
G3SG1, Ventilator,Mil-Spec,G3SG1 | Ventilator,Gamma 2 Case
P90, Grim,Mil-Spec,P90 | Grim,Gamma 2 Case
Tec-9, Fuel Injector,Classified,Tec-9 | Fuel Injector,Gamma 2 Case
Five-SeveN, Scumbria,Mil-Spec,Five-SeveN | Scumbria,Gamma 2 Case
UMP-45, Briefing,Mil-Spec,UMP-45 | Briefing,Gamma 2 Case
AK-47, Neon Revolution,Covert,AK-47 | Neon Revolution,Gamma 2 Case
FAMAS, Roll Cage,Covert,FAMAS | Roll Cage,Gamma 2 Case
CZ75-Auto, Imprint,Mil-Spec,CZ75-Auto | Imprint,Gamma 2 Case
SG 553, Triarch,Restricted,SG 553 | Triarch,Gamma 2 Case
MAG-7, Petroglyph,Restricted,MAG-7 | Petroglyph,Gamma 2 Case
Desert Eagle, Directive,Restricted,Desert Eagle | Directive,Gamma 2 Case
AUG, Syd Mead,Classified,AUG | Syd Mead,Gamma 2 Case
Glock-18, Weasel,Restricted,Glock-18 | Weasel,Gamma 2 Case
XM1014, Slipstream,Mil-Spec,XM1014 | Slipstream,Gamma 2 Case
MP9, Airlock,Classified,MP9 | Airlock,Gamma 2 Case
SCAR-20, Powercore,Restricted,SCAR-20 | Powercore,Gamma 2 Case
SG 553, Aerial,Mil-Spec,SG 553 | Aerial,Gamma Case
AUG, Aristocrat,Restricted,AUG | Aristocrat,Gamma Case
P250, Iron Clad,Mil-Spec,P250 | Iron Clad,Gamma Case
MAC-10, Carnivore,Mil-Spec,MAC-10 | Carnivore,Gamma Case
Nova, Exo,Mil-Spec,Nova | Exo,Gamma Case
R8 Revolver,Reboot,Restricted,R8 Revolver | Reboot,Gamma Case
SCAR-20, Bloodsport,Classified,SCAR-20 | Bloodsport,Gamma Case
Five-SeveN, Violent Daimyo,Mil-Spec,Five-SeveN | Violent Daimyo,Gamma Case
P90, Chopper,Restricted,P90 | Chopper,Gamma Case
AWP, Phobos,Restricted,AWP | Phobos,Gamma Case
Sawed-Off, Limelight,Restricted,Sawed-Off | Limelight,Gamma Case
PP-Bizon, Harvester,Mil-Spec,PP-Bizon | Harvester,Gamma Case
Tec-9, Ice Cap,Mil-Spec,Tec-9 | Ice Cap,Gamma Case
M4A1-S, Mecha Industries,Covert,M4A1-S | Mecha Industries,Gamma Case
M4A4, Desolate Space,Classified,M4A4 | Desolate Space,Gamma Case
Glock-18, Wasteland Rebel,Covert,Glock-18 | Wasteland Rebel,Gamma Case
P2000, Imperial Dragon,Classified,P2000 | Imperial Dragon,Gamma Case
Glock-18, Ironwork,Mil-Spec,Glock-18 | Ironwork,Glove Case
USP-S, Cyrex,Restricted,USP-S | Cyrex,Glove Case
P90, Shallow Grave,Classified,P90 | Shallow Grave,Glove Case
Sawed-Off, Wasteland Princess,Classified,Sawed-Off | Wasteland Princess,Glove Case
Nova, Gila,Restricted,Nova | Gila,Glove Case
M4A1-S, Flashback,Restricted,M4A1-S | Flashback,Glove Case
SSG 08, Dragonfire,Covert,SSG 08 | Dragonfire,Glove Case
G3SG1, Stinger,Restricted,G3SG1 | Stinger,Glove Case
M4A4, Buzz Kill,Covert,M4A4 | Buzz Kill,Glove Case
Galil AR, Black Sand,Mil-Spec,Galil AR | Black Sand,Glove Case
MP7, Cirrus,Mil-Spec,MP7 | Cirrus,Glove Case
FAMAS, Mecha Industries,Classified,FAMAS | Mecha Industries,Glove Case
MP9, Sand Scale,Mil-Spec,MP9 | Sand Scale,Glove Case
MAG-7, Sonar,Mil-Spec,MAG-7 | Sonar,Glove Case
Dual Berettas, Royal Consorts,Restricted,Dual Berettas | Royal Consorts,Glove Case
CZ75-Auto, Polymer,Mil-Spec,CZ75-Auto | Polymer,Glove Case
P2000, Turf,Mil-Spec,P2000 | Turf,Glove Case
Dual Berettas, Shred,Mil-Spec,Dual Berettas | Shred,Horizon Case
G3SG1, High Seas,Restricted,G3SG1 | High Seas,Horizon Case
Tec-9, Snek-9,Mil-Spec,Tec-9 | Snek-9,Horizon Case
AK-47, Neon Rider,Covert,AK-47 | Neon Rider,Horizon Case
AWP, PAW,Restricted,AWP | PAW,Horizon Case
P90, Traction,Mil-Spec,P90 | Traction,Horizon Case
CZ75-Auto, Eco,Restricted,CZ75-Auto | Eco,Horizon Case
Sawed-Off, Devourer,Classified,Sawed-Off | Devourer,Horizon Case
Glock-18, Warhawk,Mil-Spec,Glock-18 | Warhawk,Horizon Case
MP9, Capillary,Mil-Spec,MP9 | Capillary,Horizon Case
M4A1-S, Nightmare,Classified,M4A1-S | Nightmare,Horizon Case
AUG, Amber Slipstream,Mil-Spec,AUG | Amber Slipstream,Horizon Case
MP7, Powercore,Restricted,MP7 | Powercore,Horizon Case
Nova, Toy Soldier,Restricted,Nova | Toy Soldier,Horizon Case
FAMAS, Eye of Athena,Classified,FAMAS | Eye of Athena,Horizon Case
R8 Revolver,Survivalist,Mil-Spec,R8 Revolver | Survivalist,Horizon Case
Desert Eagle, Code Red,Covert,Desert Eagle | Code Red,Horizon Case
M4A4, Desert-Strike,Covert,M4A4 | Desert-Strike,Huntsman Weapon Case
SSG 08, Slashed,Mil-Spec,SSG 08 | Slashed,Huntsman Weapon Case
XM1014, Heaven Guard,Restricted,XM1014 | Heaven Guard,Huntsman Weapon Case
P2000, Pulse,Mil-Spec,P2000 | Pulse,Huntsman Weapon Case
CZ75-Auto, Twist,Mil-Spec,CZ75-Auto | Twist,Huntsman Weapon Case
Galil AR, Kami,Mil-Spec,Galil AR | Kami,Huntsman Weapon Case
PP-Bizon, Antique,Restricted,PP-Bizon | Antique,Huntsman Weapon Case
M4A1-S, Atomic Alloy,Classified,M4A1-S | Atomic Alloy,Huntsman Weapon Case
MAC-10, Tatter,Restricted,MAC-10 | Tatter,Huntsman Weapon Case
USP-S, Caiman,Classified,USP-S | Caiman,Huntsman Weapon Case
SCAR-20, Cyrex,Classified,SCAR-20 | Cyrex,Huntsman Weapon Case
AK-47, Vulcan,Covert,AK-47 | Vulcan,Huntsman Weapon Case
Tec-9, Isaac,Mil-Spec,Tec-9 | Isaac,Huntsman Weapon Case
P90, Module,Mil-Spec,P90 | Module,Huntsman Weapon Case
AUG, Torque,Restricted,AUG | Torque,Huntsman Weapon Case
Dual Berettas, Hideout,Mil-Spec,Dual Berettas | Hideout,Kilowatt Case
Sawed-Off, Analog Input,Restricted,Sawed-Off | Analog Input,Kilowatt Case
UMP-45, Motorized,Mil-Spec,UMP-45 | Motorized,Kilowatt Case
Glock-18, Block-18,Restricted,Glock-18 | Block-18,Kilowatt Case
AWP, Chrome Cannon,Covert,AWP | Chrome Cannon,Kilowatt Case
Nova, Dark Sigil,Mil-Spec,Nova | Dark Sigil,Kilowatt Case
M4A1-S, Black Lotus,Classified,M4A1-S | Black Lotus,Kilowatt Case
MP7, Just Smile,Restricted,MP7 | Just Smile,Kilowatt Case
Zeus x27, Olympus,Classified,Zeus x27 | Olympus,Kilowatt Case
M4A4, Etch Lord,Restricted,M4A4 | Etch Lord,Kilowatt Case
USP-S, Jawbreaker,Classified,USP-S | Jawbreaker,Kilowatt Case
MAC-10, Light Box,Mil-Spec,MAC-10 | Light Box,Kilowatt Case
XM1014, Irezumi,Mil-Spec,XM1014 | Irezumi,Kilowatt Case
Tec-9, Slag,Mil-Spec,Tec-9 | Slag,Kilowatt Case
AK-47, Inheritance,Covert,AK-47 | Inheritance,Kilowatt Case
SSG 08, Dezastre,Mil-Spec,SSG 08 | Dezastre,Kilowatt Case
Five-SeveN, Hybrid,Restricted,Five-SeveN | Hybrid,Kilowatt Case
AK-47, Fire Serpent,Covert,AK-47 | Fire Serpent,Operation Bravo Case
P90, Emerald Dragon,Classified,P90 | Emerald Dragon,Operation Bravo Case
USP-S, Overgrowth,Restricted,USP-S | Overgrowth,Operation Bravo Case
UMP-45, Bone Pile,Mil-Spec,UMP-45 | Bone Pile,Operation Bravo Case
G3SG1, Demeter,Mil-Spec,G3SG1 | Demeter,Operation Bravo Case
Galil AR, Shattered,Mil-Spec,Galil AR | Shattered,Operation Bravo Case
Nova, Tempest,Mil-Spec,Nova | Tempest,Operation Bravo Case
M4A1-S, Bright Water,Restricted,M4A1-S | Bright Water,Operation Bravo Case
Dual Berettas, Black Limba,Mil-Spec,Dual Berettas | Black Limba,Operation Bravo Case
Desert Eagle, Golden Koi,Covert,Desert Eagle | Golden Koi,Operation Bravo Case
P2000, Ocean Foam,Classified,P2000 | Ocean Foam,Operation Bravo Case
AWP, Graphite,Classified,AWP | Graphite,Operation Bravo Case
SG 553, Wave Spray,Mil-Spec,SG 553 | Wave Spray,Operation Bravo Case
MAC-10, Graven,Restricted,MAC-10 | Graven,Operation Bravo Case
M4A4, Zirka,Restricted,M4A4 | Zirka,Operation Bravo Case
P2000, Ivory,Mil-Spec,P2000 | Ivory,Operation Breakout Weapon Case
M4A1-S, Cyrex,Covert,M4A1-S | Cyrex,Operation Breakout Weapon Case
MP7, Urban Hazard,Mil-Spec,MP7 | Urban Hazard,Operation Breakout Weapon Case
SSG 08, Abyss,Mil-Spec,SSG 08 | Abyss,Operation Breakout Weapon Case
PP-Bizon, Osiris,Restricted,PP-Bizon | Osiris,Operation Breakout Weapon Case
CZ75-Auto, Tigris,Restricted,CZ75-Auto | Tigris,Operation Breakout Weapon Case
Desert Eagle, Conspiracy,Classified,Desert Eagle | Conspiracy,Operation Breakout Weapon Case
Glock-18, Water Elemental,Classified,Glock-18 | Water Elemental,Operation Breakout Weapon Case
Negev, Desert-Strike,Mil-Spec,Negev | Desert-Strike,Operation Breakout Weapon Case
Five-SeveN, Fowl Play,Classified,Five-SeveN | Fowl Play,Operation Breakout Weapon Case
UMP-45, Labyrinth,Mil-Spec,UMP-45 | Labyrinth,Operation Breakout Weapon Case
P250, Supernova,Restricted,P250 | Supernova,Operation Breakout Weapon Case
P90, Asiimov,Covert,P90 | Asiimov,Operation Breakout Weapon Case
Nova, Koi,Restricted,Nova | Koi,Operation Breakout Weapon Case
UMP-45, Gold Bismuth,Restricted,UMP-45 | Gold Bismuth,Operation Broken Fang Case
M4A4, Cyber Security,Classified,M4A4 | Cyber Security,Operation Broken Fang Case
USP-S, Monster Mashup,Classified,USP-S | Monster Mashup,Operation Broken Fang Case
P250, Contaminant,Mil-Spec,P250 | Contaminant,Operation Broken Fang Case
M4A1-S, Printstream,Covert,M4A1-S | Printstream,Operation Broken Fang Case
Glock-18, Neo-Noir,Covert,Glock-18 | Neo-Noir,Operation Broken Fang Case
Dual Berettas, Dezastre,Restricted,Dual Berettas | Dezastre,Operation Broken Fang Case
Five-SeveN, Fairy Tale,Classified,Five-SeveN | Fairy Tale,Operation Broken Fang Case
M249, Deep Relief,Mil-Spec,M249 | Deep Relief,Operation Broken Fang Case
MP5-SD, Condition Zero,Mil-Spec,MP5-SD | Condition Zero,Operation Broken Fang Case
G3SG1, Digital Mesh,Mil-Spec,G3SG1 | Digital Mesh,Operation Broken Fang Case
CZ75-Auto, Vendetta,Mil-Spec,CZ75-Auto | Vendetta,Operation Broken Fang Case
AWP, Exoskeleton,Restricted,AWP | Exoskeleton,Operation Broken Fang Case
Nova, Clear Polymer,Restricted,Nova | Clear Polymer,Operation Broken Fang Case
P90, Cocoa Rampage,Mil-Spec,P90 | Cocoa Rampage,Operation Broken Fang Case
SSG 08, Parallax,Restricted,SSG 08 | Parallax,Operation Broken Fang Case
Galil AR, Vandal,Mil-Spec,Galil AR | Vandal,Operation Broken Fang Case
P2000, Woodsman,Restricted,P2000 | Woodsman,Operation Hydra Case
P250, Red Rock,Restricted,P250 | Red Rock,Operation Hydra Case
FAMAS, Macabre,Mil-Spec,FAMAS | Macabre,Operation Hydra Case
Galil AR, Sugar Rush,Classified,Galil AR | Sugar Rush,Operation Hydra Case
AWP, Oni Taiji,Covert,AWP | Oni Taiji,Operation Hydra Case
MAC-10, Aloha,Mil-Spec,MAC-10 | Aloha,Operation Hydra Case
AK-47, Orbit Mk01,Restricted,AK-47 | Orbit Mk01,Operation Hydra Case
UMP-45, Metal Flowers,Mil-Spec,UMP-45 | Metal Flowers,Operation Hydra Case
Five-SeveN, Hyper Beast,Covert,Five-SeveN | Hyper Beast,Operation Hydra Case
Tec-9, Cut Out,Mil-Spec,Tec-9 | Cut Out,Operation Hydra Case
M4A4, Hellfire,Classified,M4A4 | Hellfire,Operation Hydra Case
Dual Berettas, Cobra Strike,Classified,Dual Berettas | Cobra Strike,Operation Hydra Case
P90, Death Grip,Restricted,P90 | Death Grip,Operation Hydra Case
SSG 08, Death's Head,Restricted,SSG 08 | Death's Head,Operation Hydra Case
MAG-7, Hard Water,Mil-Spec,MAG-7 | Hard Water,Operation Hydra Case
USP-S, Blueprint,Mil-Spec,USP-S | Blueprint,Operation Hydra Case
M4A1-S, Briefing,Mil-Spec,M4A1-S | Briefing,Operation Hydra Case
MAG-7, Heaven Guard,Mil-Spec,MAG-7 | Heaven Guard,Operation Phoenix Weapon Case
AK-47, Redline,Classified,AK-47 | Redline,Operation Phoenix Weapon Case
USP-S, Guardian,Restricted,USP-S | Guardian,Operation Phoenix Weapon Case
UMP-45, Corporal,Mil-Spec,UMP-45 | Corporal,Operation Phoenix Weapon Case
AUG, Chameleon,Covert,AUG | Chameleon,Operation Phoenix Weapon Case
MAC-10, Heat,Restricted,MAC-10 | Heat,Operation Phoenix Weapon Case
SG 553, Pulse,Restricted,SG 553 | Pulse,Operation Phoenix Weapon Case
Tec-9, Sandstorm,Mil-Spec,Tec-9 | Sandstorm,Operation Phoenix Weapon Case
Negev, Terrain,Mil-Spec,Negev | Terrain,Operation Phoenix Weapon Case
AWP, Asiimov,Covert,AWP | Asiimov,Operation Phoenix Weapon Case
FAMAS, Sergeant,Restricted,FAMAS | Sergeant,Operation Phoenix Weapon Case
P90, Trigon,Classified,P90 | Trigon,Operation Phoenix Weapon Case
Nova, Antique,Classified,Nova | Antique,Operation Phoenix Weapon Case
FAMAS, ZX Spectron,Restricted,FAMAS | ZX Spectron,Operation Riptide Case
USP-S, Black Lotus,Mil-Spec,USP-S | Black Lotus,Operation Riptide Case
MP7, Guerrilla,Mil-Spec,MP7 | Guerrilla,Operation Riptide Case
XM1014, Watchdog,Mil-Spec,XM1014 | Watchdog,Operation Riptide Case
Dual Berettas, Tread,Mil-Spec,Dual Berettas | Tread,Operation Riptide Case
G3SG1, Keeping Tabs,Mil-Spec,G3SG1 | Keeping Tabs,Operation Riptide Case
MAG-7, BI83 Spectrum,Restricted,MAG-7 | BI83 Spectrum,Operation Riptide Case
Five-SeveN, Boost Protocol,Restricted,Five-SeveN | Boost Protocol,Operation Riptide Case
AK-47, Leet Museo,Covert,AK-47 | Leet Museo,Operation Riptide Case
MAC-10, Toybox,Classified,MAC-10 | Toybox,Operation Riptide Case
SSG 08, Turbo Peek,Classified,SSG 08 | Turbo Peek,Operation Riptide Case
Desert Eagle, Ocean Drive,Covert,Desert Eagle | Ocean Drive,Operation Riptide Case
AUG, Plague,Mil-Spec,AUG | Plague,Operation Riptide Case
MP9, Mount Fuji,Restricted,MP9 | Mount Fuji,Operation Riptide Case
Glock-18, Snack Attack,Classified,Glock-18 | Snack Attack,Operation Riptide Case
M4A4, Spider Lily,Restricted,M4A4 | Spider Lily,Operation Riptide Case
PP-Bizon, Lumen,Mil-Spec,PP-Bizon | Lumen,Operation Riptide Case
XM1014, Tranquility,Classified,XM1014 | Tranquility,Operation Vanguard Weapon Case
M4A1-S, Basilisk,Restricted,M4A1-S | Basilisk,Operation Vanguard Weapon Case
M4A4, Griffin,Restricted,M4A4 | Griffin,Operation Vanguard Weapon Case
MP9, Dart,Mil-Spec,MP9 | Dart,Operation Vanguard Weapon Case
Sawed-Off, Highwayman,Restricted,Sawed-Off | Highwayman,Operation Vanguard Weapon Case
AK-47, Wasteland Rebel,Covert,AK-47 | Wasteland Rebel,Operation Vanguard Weapon Case
Glock-18, Grinder,Restricted,Glock-18 | Grinder,Operation Vanguard Weapon Case
P250, Cartel,Classified,P250 | Cartel,Operation Vanguard Weapon Case
Five-SeveN, Urban Hazard,Mil-Spec,Five-SeveN | Urban Hazard,Operation Vanguard Weapon Case
SCAR-20, Cardiac,Classified,SCAR-20 | Cardiac,Operation Vanguard Weapon Case
G3SG1, Murky,Mil-Spec,G3SG1 | Murky,Operation Vanguard Weapon Case
P2000, Fire Elemental,Covert,P2000 | Fire Elemental,Operation Vanguard Weapon Case
MAG-7, Firestarter,Mil-Spec,MAG-7 | Firestarter,Operation Vanguard Weapon Case
UMP-45, Delusion,Mil-Spec,UMP-45 | Delusion,Operation Vanguard Weapon Case
USP-S, Lead Conduit,Mil-Spec,USP-S | Lead Conduit,Operation Wildfire Case
Nova, Hyper Beast,Classified,Nova | Hyper Beast,Operation Wildfire Case
Tec-9, Jambiya,Mil-Spec,Tec-9 | Jambiya,Operation Wildfire Case
AWP, Elite Build,Classified,AWP | Elite Build,Operation Wildfire Case
FAMAS, Valence,Restricted,FAMAS | Valence,Operation Wildfire Case
M4A4, The Battlestar,Covert,M4A4 | The Battlestar,Operation Wildfire Case
MP7, Impire,Restricted,MP7 | Impire,Operation Wildfire Case
MAC-10, Lapis Gator,Mil-Spec,MAC-10 | Lapis Gator,Operation Wildfire Case
MAG-7, Praetorian,Restricted,MAG-7 | Praetorian,Operation Wildfire Case
Dual Berettas, Cartel,Mil-Spec,Dual Berettas | Cartel,Operation Wildfire Case
AK-47, Fuel Injector,Covert,AK-47 | Fuel Injector,Operation Wildfire Case
Desert Eagle, Kumicho Dragon,Classified,Desert Eagle | Kumicho Dragon,Operation Wildfire Case
SSG 08, Necropos,Mil-Spec,SSG 08 | Necropos,Operation Wildfire Case
Five-SeveN, Triumvirate,Restricted,Five-SeveN | Triumvirate,Operation Wildfire Case
PP-Bizon, Photic Zone,Mil-Spec,PP-Bizon | Photic Zone,Operation Wildfire Case
Glock-18, Royal Legion,Restricted,Glock-18 | Royal Legion,Operation Wildfire Case
Glock-18, Bullet Queen,Covert,Glock-18 | Bullet Queen,Prisma 2 Case
Negev, Prototype,Mil-Spec,Negev | Prototype,Prisma 2 Case
P2000, Acid Etched,Restricted,P2000 | Acid Etched,Prisma 2 Case
M4A1-S, Player Two,Covert,M4A1-S | Player Two,Prisma 2 Case
SCAR-20, Enforcer,Restricted,SCAR-20 | Enforcer,Prisma 2 Case
Sawed-Off, Apocalypto,Restricted,Sawed-Off | Apocalypto,Prisma 2 Case
MAG-7, Justice,Classified,MAG-7 | Justice,Prisma 2 Case
AK-47, Phantom Disruptor,Classified,AK-47 | Phantom Disruptor,Prisma 2 Case
CZ75-Auto, Distressed,Mil-Spec,CZ75-Auto | Distressed,Prisma 2 Case
SG 553, Darkwing,Restricted,SG 553 | Darkwing,Prisma 2 Case
SSG 08, Fever Dream,Restricted,SSG 08 | Fever Dream,Prisma 2 Case
Desert Eagle, Blue Ply,Mil-Spec,Desert Eagle | Blue Ply,Prisma 2 Case
AUG, Tom Cat,Mil-Spec,AUG | Tom Cat,Prisma 2 Case
MAC-10, Disco Tech,Classified,MAC-10 | Disco Tech,Prisma 2 Case
AWP, Capillary,Mil-Spec,AWP | Capillary,Prisma 2 Case
MP5-SD, Desert Strike,Mil-Spec,MP5-SD | Desert Strike,Prisma 2 Case
R8 Revolver,Bone Forged,Mil-Spec,R8 Revolver | Bone Forged,Prisma 2 Case
Galil AR, Akoben,Mil-Spec,Galil AR | Akoben,Prisma Case
XM1014, Incinegator,Classified,XM1014 | Incinegator,Prisma Case
P250, Verdigris,Mil-Spec,P250 | Verdigris,Prisma Case
R8 Revolver,Skull Crusher,Classified,R8 Revolver | Skull Crusher,Prisma Case
FAMAS, Crypsis,Mil-Spec,FAMAS | Crypsis,Prisma Case
Five-SeveN, Angry Mob,Covert,Five-SeveN | Angry Mob,Prisma Case
MP5-SD, Gauss,Restricted,MP5-SD | Gauss,Prisma Case
AWP, Atheris,Restricted,AWP | Atheris,Prisma Case
P90, Off World,Mil-Spec,P90 | Off World,Prisma Case
Tec-9, Bamboozle,Restricted,Tec-9 | Bamboozle,Prisma Case
MAC-10, Whitefish,Mil-Spec,MAC-10 | Whitefish,Prisma Case
UMP-45, Moonrise,Restricted,UMP-45 | Moonrise,Prisma Case
Desert Eagle, Light Rail,Restricted,Desert Eagle | Light Rail,Prisma Case
AK-47, Uncharted,Mil-Spec,AK-47 | Uncharted,Prisma Case
M4A4, The Emperor,Covert,M4A4 | The Emperor,Prisma Case
MP7, Mischief,Mil-Spec,MP7 | Mischief,Prisma Case
AUG, Momentum,Classified,AUG | Momentum,Prisma Case
R8 Revolver,Crazy 8,Restricted,R8 Revolver | Crazy 8,Recoil Case
FAMAS, Meow 36,Mil-Spec,FAMAS | Meow 36,Recoil Case
AWP, Chromatic Aberration,Covert,AWP | Chromatic Aberration,Recoil Case
MAC-10, Monkeyflage,Mil-Spec,MAC-10 | Monkeyflage,Recoil Case
Dual Berettas, Flora Carnivora,Restricted,Dual Berettas | Flora Carnivora,Recoil Case
Sawed-Off, Kiss♥Love,Classified,Sawed-Off | Kiss♥Love,Recoil Case
P90, Vent Rush,Restricted,P90 | Vent Rush,Recoil Case
Negev, Drop Me,Mil-Spec,Negev | Drop Me,Recoil Case
P250, Visions,Classified,P250 | Visions,Recoil Case
M4A4, Poly Mag,Mil-Spec,M4A4 | Poly Mag,Recoil Case
M249, Downtown,Restricted,M249 | Downtown,Recoil Case
USP-S, Printstream,Covert,USP-S | Printstream,Recoil Case
Glock-18, Winterized,Mil-Spec,Glock-18 | Winterized,Recoil Case
UMP-45, Roadblock,Mil-Spec,UMP-45 | Roadblock,Recoil Case
SG 553, Dragon Tech,Restricted,SG 553 | Dragon Tech,Recoil Case
AK-47, Ice Coaled,Classified,AK-47 | Ice Coaled,Recoil Case
Galil AR, Destroyer,Mil-Spec,Galil AR | Destroyer,Recoil Case
P250, Re.built,Mil-Spec,P250 | Re.built,Revolution Case
MP5-SD, Liquidation,Mil-Spec,MP5-SD | Liquidation,Revolution Case
SCAR-20, Fragments,Mil-Spec,SCAR-20 | Fragments,Revolution Case
AWP, Duality,Classified,AWP | Duality,Revolution Case
SG 553, Cyberforce,Mil-Spec,SG 553 | Cyberforce,Revolution Case
M4A4, Temukau,Covert,M4A4 | Temukau,Revolution Case
P2000, Wicked Sick,Classified,P2000 | Wicked Sick,Revolution Case
R8 Revolver,Banana Cannon,Restricted,R8 Revolver | Banana Cannon,Revolution Case
MAG-7, Insomnia,Mil-Spec,MAG-7 | Insomnia,Revolution Case
MAC-10, Sakkaku,Restricted,MAC-10 | Sakkaku,Revolution Case
M4A1-S, Emphorosaur-S,Restricted,M4A1-S | Emphorosaur-S,Revolution Case
UMP-45, Wild Child,Classified,UMP-45 | Wild Child,Revolution Case
Glock-18, Umbral Rabbit,Restricted,Glock-18 | Umbral Rabbit,Revolution Case
Tec-9, Rebel,Mil-Spec,Tec-9 | Rebel,Revolution Case
AK-47, Head Shot,Covert,AK-47 | Head Shot,Revolution Case
P90, Neoqueen,Restricted,P90 | Neoqueen,Revolution Case
MP9, Featherweight,Mil-Spec,MP9 | Featherweight,Revolution Case
R8 Revolver,Fade,Covert,R8 Revolver | Fade,Revolver Case
R8 Revolver,Crimson Web,Mil-Spec,R8 Revolver | Crimson Web,Revolver Case
P2000, Imperial,Mil-Spec,P2000 | Imperial,Revolver Case
PP-Bizon, Fuel Rod,Restricted,PP-Bizon | Fuel Rod,Revolver Case
Sawed-Off, Yorick,Mil-Spec,Sawed-Off | Yorick,Revolver Case
AUG, Ricochet,Mil-Spec,AUG | Ricochet,Revolver Case
P90, Shapewood,Classified,P90 | Shapewood,Revolver Case
M4A4, Royal Paladin,Covert,M4A4 | Royal Paladin,Revolver Case
SG 553, Tiger Moth,Restricted,SG 553 | Tiger Moth,Revolver Case
Tec-9, Avalanche,Restricted,Tec-9 | Avalanche,Revolver Case
AK-47, Point Disarray,Classified,AK-47 | Point Disarray,Revolver Case
XM1014, Teclu Burner,Restricted,XM1014 | Teclu Burner,Revolver Case
G3SG1, The Executioner,Classified,G3SG1 | The Executioner,Revolver Case
Desert Eagle, Corinthian,Mil-Spec,Desert Eagle | Corinthian,Revolver Case
SCAR-20, Outbreak,Mil-Spec,SCAR-20 | Outbreak,Revolver Case
Negev, Power Loader,Restricted,Negev | Power Loader,Revolver Case
Five-SeveN, Retrobution,Restricted,Five-SeveN | Retrobution,Revolver Case
MAC-10, Rangeen,Mil-Spec,MAC-10 | Rangeen,Shadow Case
P250, Wingshot,Restricted,P250 | Wingshot,Shadow Case
G3SG1, Flux,Classified,G3SG1 | Flux,Shadow Case
M4A1-S, Golden Coil,Covert,M4A1-S | Golden Coil,Shadow Case
XM1014, Scumbria,Mil-Spec,XM1014 | Scumbria,Shadow Case
AK-47, Frontside Misty,Classified,AK-47 | Frontside Misty,Shadow Case
MAG-7, Cobalt Core,Mil-Spec,MAG-7 | Cobalt Core,Shadow Case
MP7, Special Delivery,Restricted,MP7 | Special Delivery,Shadow Case
M249, Nebula Crusader,Restricted,M249 | Nebula Crusader,Shadow Case
FAMAS, Survivor Z,Mil-Spec,FAMAS | Survivor Z,Shadow Case
USP-S, Kill Confirmed,Covert,USP-S | Kill Confirmed,Shadow Case
Dual Berettas, Dualing Dragons,Mil-Spec,Dual Berettas | Dualing Dragons,Shadow Case
Galil AR, Stone Cold,Restricted,Galil AR | Stone Cold,Shadow Case
SCAR-20, Green Marine,Mil-Spec,SCAR-20 | Green Marine,Shadow Case
SSG 08, Big Iron,Classified,SSG 08 | Big Iron,Shadow Case
Glock-18, Wraiths,Mil-Spec,Glock-18 | Wraiths,Shadow Case
SG 553,Colony IV,Classified,SG 553 | Colony IV,Shattered Web Case
Dual Berettas, Balance,Mil-Spec,Dual Berettas | Balance,Shattered Web Case
AUG, Arctic Wolf,Restricted,AUG | Arctic Wolf,Shattered Web Case
R8 Revolver,Memento,Mil-Spec,R8 Revolver | Memento,Shattered Web Case
AWP, Containment Breach,Covert,AWP | Containment Breach,Shattered Web Case
Tec-9, Decimator,Classified,Tec-9 | Decimator,Shattered Web Case
MAC-10, Stalker,Covert,MAC-10 | Stalker,Shattered Web Case
MP7, Neon Ply,Restricted,MP7 | Neon Ply,Shattered Web Case
G3SG1, Black Sand,Mil-Spec,G3SG1 | Black Sand,Shattered Web Case
MP5-SD, Acid Wash,Mil-Spec,MP5-SD | Acid Wash,Shattered Web Case
SCAR-20, Torn,Mil-Spec,SCAR-20 | Torn,Shattered Web Case
Nova, Plume,Mil-Spec,Nova | Plume,Shattered Web Case
P2000, Obsidian,Restricted,P2000 | Obsidian,Shattered Web Case
PP-Bizon, Embargo,Restricted,PP-Bizon | Embargo,Shattered Web Case
M249, Warbird,Mil-Spec,M249 | Warbird,Shattered Web Case
SSG 08, Bloodshot,Classified,SSG 08 | Bloodshot,Shattered Web Case
AK-47, Rat Rod,Restricted,AK-47 | Rat Rod,Shattered Web Case
USP-S, The Traitor,Covert,USP-S | The Traitor,Snakebite Case
CZ75-Auto, Circaetus,Mil-Spec,CZ75-Auto | Circaetus,Snakebite Case
Negev, dev_texture,Restricted,Negev | dev_texture,Snakebite Case
P250, Cyber Shell,Restricted,P250 | Cyber Shell,Snakebite Case
Galil AR, Chromatic Aberration,Classified,Galil AR | Chromatic Aberration,Snakebite Case
R8 Revolver,Junk Yard,Mil-Spec,R8 Revolver | Junk Yard,Snakebite Case
AK-47, Slate,Restricted,AK-47 | Slate,Snakebite Case
M249, O.S.I.P.R.,Mil-Spec,M249 | O.S.I.P.R.,Snakebite Case
XM1014, XOXO,Classified,XM1014 | XOXO,Snakebite Case
Glock-18, Clear Polymer,Mil-Spec,Glock-18 | Clear Polymer,Snakebite Case
MAC-10, Button Masher,Restricted,MAC-10 | Button Masher,Snakebite Case
MP9, Food Chain,Classified,MP9 | Food Chain,Snakebite Case
Nova, Windblown,Mil-Spec,Nova | Windblown,Snakebite Case
UMP-45, Oscillator,Mil-Spec,UMP-45 | Oscillator,Snakebite Case
M4A4, In Living Color,Covert,M4A4 | In Living Color,Snakebite Case
SG 553, Heavy Metal,Mil-Spec,SG 553 | Heavy Metal,Snakebite Case
Desert Eagle, Trigger Discipline,Restricted,Desert Eagle | Trigger Discipline,Snakebite Case
P90, Facility Negative,Mil-Spec,P90 | Facility Negative,Sode Case
P250, Nuclear Threat,Restricted,P250 | Nuclear Threat,Sode Case
PP-Bizon, Chemical Green,Industrial,PP-Bizon | Chemical Green,Sode Case
P250, Copper Oxide,Consumer,P250 | Copper Oxide,Sode Case
P250, Vino Primo,Restricted,P250 | Vino Primo,Sode Case
PP-Bizon, Cold Cell,Industrial,PP-Bizon | Cold Cell,Sode Case
P90, Desert Halftone,Consumer,P90 | Desert Halftone,Sode Case
P250, Franklin,Classified,P250 | Franklin,Sode Case
P90, Ancient Earth,Consumer,P90 | Ancient Earth,Sode Case
PP-Bizon, Death Rattle,Consumer,PP-Bizon | Death Rattle,Sode Case
PP-Bizon, Night Ops,Industrial,PP-Bizon | Night Ops,Sode Case
P250, Gunsmoke,Industrial,P250 | Gunsmoke,Sode Case
P90, Ash Wood,Industrial,P90 | Ash Wood,Sode Case
AK-47, X-Ray,Covert,AK-47 | X-Ray,Sode Case
P250, Modern Hunter,Mil-Spec,P250 | Modern Hunter,Sode Case
P250, Crimson Kimono,Industrial,P250 | Crimson Kimono,Sode Case
P250, Forest Night,Consumer,P250 | Forest Night,Sode Case
P90, Desert Warfare,Mil-Spec,P90 | Desert Warfare,Sode Case
P250, Plum Netting,Consumer,P250 | Plum Netting,Sode Case
P90, Scorched,Consumer,P90 | Scorched,Sode Case
PP-Bizon, Rust Coat,Mil-Spec,PP-Bizon | Rust Coat,Sode Case
R8 Revolver, Crazy 8,Restricted,R8 Revolver | Revolver Crazy 8,Sode Case
PP-Bizon, Breaker Box,Industrial,PP-Bizon | Breaker Box,Sode Case
R8 Revolver,Cobalt Grip,Consumer,R8 Revolver | Revolver Cobalt Grip,Sode Case
R8 Revolver,Canal Spray,Consumer,R8 Revolver | Revolver Canal Spray,Sode Case
P90, Attack Vector,Restricted,P90 | Attack Vector,Sode Case
R8 Revolver,Bone Mask,Consumer,R8 Revolver | Revolver Bone Mask,Sode Case
PP-Bizon, Brass,Mil-Spec,PP-Bizon | Brass,Sode Case
P90, Baroque Red,Mil-Spec,P90 | Baroque Red,Sode Case
P90, Astral Jörmungandr,Restricted,P90 | Astral Jörmungandr,Sode Case
R8 Revolver,Bone Forged,Mil-Spec,R8 Revolver | Revolver Bone Forged,Sode Case
P90, Blue Tac,Consumer,P90 | Blue Tac,Sode Case
P250, Sedimentary,Industrial,P250 | Sedimentary,Sode Case
PP-Bizon, Candy Apple,Industrial,PP-Bizon | Candy Apple,Sode Case
P250, Mint Kimono,Consumer,P250 | Mint Kimono,Sode Case
R8 Revolver,Blaze,Mil-Spec,R8 Revolver | Revolver Blaze,Sode Case
AUG, Akihabara Accept,Covert,AUG | Akihabara Accept,Sode Case
P250, Metallic DDPAT,Industrial,P250 | Metallic DDPAT,Sode Case
R8 Revolver,Banana Cannon,Restricted,R8 Revolver | Revolver Banana Cannon,Sode Case
PP-Bizon, Carbon Fiber,Industrial,PP-Bizon | Carbon Fiber,Sode Case
R8 Revolver,Amber Fade,Classified,R8 Revolver | Revolver Amber Fade,Sode Case
P90, Desert DDPAT,Consumer,P90 | Desert DDPAT,Sode Case
PP-Bizon, Modern Hunter,Mil-Spec,PP-Bizon | Modern Hunter,Sode Case
PP-Bizon, Facility Sketch,Consumer,PP-Bizon | Facility Sketch,Sode Case
P250, Dark Filigree,Industrial,P250 | Dark Filigree,Sode Case
P90, Reef Grief,Mil-Spec,P90 | Reef Grief,Sode Case
AK-47, Wild Lotus,Covert,AK-47 | Wild Lotus,Sode Case
PP-Bizon, Wood Block Camo,Consumer,PP-Bizon | Wood Block Camo,Sode Case
P90, Wash me,Industrial,P90 | Wash me,Sode Case
PP-Bizon, Urban Dashed,Consumer,PP-Bizon | Urban Dashed,Sode Case
P90, Run and Hide,Classified,P90 | Run and Hide,Sode Case
AK-47, VariCamo Grey,Industrial,AK-47 | VariCamo Grey,Sode Case
P90, Verdant Growth,Industrial,P90 | Verdant Growth,Sode Case
P250, Whiteout,Mil-Spec,P250 | Whiteout,Sode Case
PP-Bizon, Sand Dashed,Consumer,PP-Bizon | Sand Dashed,Sode Case
P90, Sand Spray,Consumer,P90 | Sand Spray,Sode Case
AUG, Anodized Navy,Mil-Spec,AUG | Anodized Navy,Sode Case
P250, Constructivist,Industrial,P250 | Constructivist,Sode Case
P90, ScaraB Rush,Restricted,P90 | ScaraB Rush,Sode Case
P250, Sand Dune,Consumer,P250 | Sand Dune,Sode Case
P90, Schematic,Mil-Spec,P90 | Schematic,Sode Case
P250, Digital Architect,Restricted,P250 | Digital Architect,Sode Case
P250, Boreal Forest,Consumer,P250 | Boreal Forest,Sode Case
R8 Revolver,Crimson Web,Mil-Spec,R8 Revolver | Revolver Crimson Web,Sode Case
P250, Facility Draft,Consumer,P250 | Facility Draft,Sode Case
AK-47, Wintergreen,Mil-Spec,AK-47 | Wintergreen,Sode Case
PP-Bizon, Anolis,Consumer,PP-Bizon | Anolis,Sode Case
PP-Bizon, Bamboo Print,Consumer,PP-Bizon | Bamboo Print,Sode Case
P90, Fallout Warning,Industrial,P90 | Fallout Warning,Sode Case
P90, Tiger Pit,Mil-Spec,P90 | Tiger Pit,Sode Case
P90, Glacier Mesh,Mil-Spec,P90 | Glacier Mesh,Sode Case
P250, Facets,Industrial,P250 | Facets,Sode Case
P250, Exchanger,Mil-Spec,P250 | Exchanger,Sode Case
P250, Small Game,Mil-Spec,P250 | Small Game,Sode Case
PP-Bizon, Forest Leaves,Consumer,PP-Bizon | Forest Leaves,Sode Case
P90, Leather,Industrial,P90 | Leather,Sode Case
P250, X-Ray,Restricted,P250 | X-Ray,Sode Case
AUG, Amber Fade,Mil-Spec,AUG | Amber Fade,Sode Case
P90, Mustard Gas,Industrial,P90 | Mustard Gas,Sode Case
P250, Contamination,Industrial,P250 | Contamination,Sode Case
P90, Teardown,Mil-Spec,P90 | Teardown,Sode Case
P90, Sunset Lily,Industrial,P90 | Sunset Lily,Sode Case
P90, Straight Dimes,Industrial,P90 | Straight Dimes,Sode Case
P250, Drought,Consumer,P250 | Drought,Sode Case
P250, Red Tide,Mil-Spec,P250 | Red Tide,Sode Case
P90, Storm,Consumer,P90 | Storm,Sode Case
PP-Bizon, Irradiated Alert,Consumer,PP-Bizon | Irradiated Alert,Sode Case
PP-Bizon, Seabird,Consumer,PP-Bizon | Seabird,Sode Case
SSG 08, Death Strike,Classified,SSG 08 | Death Strike,Sode Case
R8 Revolver,Fade,Covert,R8 Revolver | Revolver Fade,Sode Case
UMP-45, Facility Dark,Consumer,UMP-45 | Facility Dark,Sode Case
UMP-45, Fade,Classified,UMP-45 | Fade,Sode Case
UMP-45, Fallout Warning,Industrial,UMP-45 | Fallout Warning,Sode Case
UMP-45, Full Stop,Mil-Spec,UMP-45 | Full Stop,Sode Case
AK-47, Jet Set,Classified,AK-47 | Jet Set,Sode Case
UMP-45, Green Swirl,Consumer,UMP-45 | Green Swirl,Sode Case
UMP-45, Gunsmoke,Industrial,UMP-45 | Gunsmoke,Sode Case
UMP-45, Houndstooth,Industrial,UMP-45 | Houndstooth,Sode Case
UMP-45, Indigo,Consumer,UMP-45 | Indigo,Sode Case
UMP-45, Late Night Transit,Mil-Spec,UMP-45 | Late Night Transit,Sode Case
UMP-45, Mechanism,Industrial,UMP-45 | Mechanism,Sode Case
UMP-45, Minotaurs Labyrinth,Mil-Spec,UMP-45 | Minotaurs Labyrinth,Sode Case
UMP-45, Mudder,Consumer,UMP-45 | Mudder,Sode Case
AK-47, Hydroponic,Classified,AK-47 | Hydroponic,Sode Case
UMP-45, Scorched,Consumer,UMP-45 | Scorched,Sode Case
UMP-45, Urban DDPAT,Consumer,UMP-45 | Urban DDPAT,Sode Case
USP-S, 027,Mil-Spec,USP-S | 027,Sode Case
USP-S, Alpine Camo,Mil-Spec,USP-S | Alpine Camo,Sode Case
USP-S, Ancient Visions,Restricted,USP-S | Ancient Visions,Sode Case
USP-S, Bleeding Edge,Restricted,USP-S | Bleeding Edge,Sode Case
USP-S, Business Class,Mil-Spec,USP-S | Business Class,Sode Case
UMP-45, Day Lily,Mil-Spec,UMP-45 | Day Lily,Sode Case
UMP-45, Crimson Foil,Restricted,UMP-45 | Crimson Foil,Sode Case
UMP-45, Crime Scene,Restricted,UMP-45 | Crime Scene,Sode Case
UMP-45, Carbon Fiber,Industrial,UMP-45 | Carbon Fiber,Sode Case
Tec-9, Groundwater,Consumer,Tec-9 | Groundwater,Sode Case
Tec-9, Hades,Industrial,Tec-9 | Hades,Sode Case
Tec-9, Mummy's Rot,Mil-Spec,Tec-9 | Mummy's Rot,Sode Case
Tec-9, Nuclear Threat,Restricted,Tec-9 | Nuclear Threat,Sode Case
Tec-9, Orange Murano,Industrial,Tec-9 | Orange Murano,Sode Case
Tec-9, Ossified,Mil-Spec,Tec-9 | Ossified,Sode Case
Tec-9, Phoenix Chalk,Consumer,Tec-9 | Phoenix Chalk,Sode Case
Tec-9, Raw Ceramic,Consumer,Tec-9 | Raw Ceramic,Sode Case
Tec-9, Red Quartz,Restricted,Tec-9 | Red Quartz,Sode Case
Tec-9, Remote Control,Classified,Tec-9 | Remote Control,Sode Case
USP-S, Check Engine,Mil-Spec,USP-S | Check Engine,Sode Case
Tec-9, Rust Leaf,Industrial,Tec-9 | Rust Leaf,Sode Case
Tec-9, Terrace,Mil-Spec,Tec-9 | Terrace,Sode Case
Tec-9, Tiger Stencil,Industrial,Tec-9 | Tiger Stencil,Sode Case
Tec-9, Tornado,Consumer,Tec-9 | Tornado,Sode Case
Tec-9, Toxic,Mil-Spec,Tec-9 | Toxic,Sode Case
Tec-9, Urban DDPAT,Consumer,Tec-9 | Urban DDPAT,Sode Case
Tec-9, VariCamo,Industrial,Tec-9 | VariCamo,Sode Case
Tec-9, Whiteout,Restricted,Tec-9 | Whiteout,Sode Case
AK-47, Jungle Spray,Industrial,AK-47 | Jungle Spray,Sode Case
UMP-45, Blaze,Mil-Spec,UMP-45 | Blaze,Sode Case
UMP-45, Caramel,Consumer,UMP-45 | Caramel,Sode Case
Tec-9, Safety Net,Mil-Spec,Tec-9 | Safety Net,Sode Case
Tec-9, Garter-9,Industrial,Tec-9 | Garter-9,Sode Case
AK-47, Green Laminate,Mil-Spec,AK-47 | Green Laminate,Sode Case
USP-S, Desert Tactical,Industrial,USP-S | Desert Tactical,Sode Case
XM1014, Copperflage,Mil-Spec,XM1014 | Copperflage,Sode Case
XM1014, Elegant Vines,Restricted,XM1014 | Elegant Vines,Sode Case
XM1014, Fallout Warning,Industrial,XM1014 | Fallout Warning,Sode Case
XM1014, Frost Borre,Mil-Spec,XM1014 | Frost Borre,Sode Case
XM1014, Grassland,Consumer,XM1014 | Grassland,Sode Case
XM1014, Gum Wall Camo,Industrial,XM1014 | Gum Wall Camo,Sode Case
XM1014, Halftone Shift,Mil-Spec,XM1014 | Halftone Shift,Sode Case
XM1014, Hieroglyph,Consumer,XM1014 | Hieroglyph,Sode Case
XM1014, Jungle,Consumer,XM1014 | Jungle,Sode Case
XM1014, Monster Melt,Restricted,XM1014 | Monster Melt,Sode Case
AK-47, Black Laminate,Mil-Spec,AK-47 | Black Laminate,Sode Case
AK-47, Baroque Purple,Industrial,AK-47 | Baroque Purple,Sode Case
XM1014, Red Leather,Mil-Spec,XM1014 | Red Leather,Sode Case
XM1014, Run Run Run,Mil-Spec,XM1014 | Run Run Run,Sode Case
XM1014, Solitude,Restricted,XM1014 | Solitude,Sode Case
XM1014, Urban Perforated,Consumer,XM1014 | Urban Perforated,Sode Case
XM1014, VariCamo Blue,Mil-Spec,XM1014 | VariCamo Blue,Sode Case
AK-47, B the Monster,Covert,AK-47 | B the Monster,Sode Case
Zeus x27, Charged Up,Restricted,Zeus x27 | Charged Up,Sode Case
Zeus x27, Dragon Snore,Classified,Zeus x27 | Dragon Snore,Sode Case
Zeus x27, Electric Blue,Industrial,Zeus x27 | Electric Blue,Sode Case
XM1014, Charter,Consumer,XM1014 | Charter,Sode Case
XM1014, Canvas Cloud,Consumer,XM1014 | Canvas Cloud,Sode Case
XM1014, CaliCamo,Industrial,XM1014 | CaliCamo,Sode Case
XM1014, Bone Machine,Mil-Spec,XM1014 | Bone Machine,Sode Case
USP-S, Forest Leaves,Industrial,USP-S | Forest Leaves,Sode Case
USP-S, Night Ops,Mil-Spec,USP-S | Night Ops,Sode Case
USP-S, Orange Anolis,Restricted,USP-S | Orange Anolis,Sode Case
USP-S, Orion,Classified,USP-S | Orion,Sode Case
USP-S, Para Green,Industrial,USP-S | Para Green,Sode Case
USP-S, Pathfinder,Industrial,USP-S | Pathfinder,Sode Case
USP-S, Purple DDPAT,Mil-Spec,USP-S | Purple DDPAT,Sode Case
USP-S, Road Rash,Restricted,USP-S | Road Rash,Sode Case
USP-S, Royal Blue,Industrial,USP-S | Royal Blue,Sode Case
USP-S, Royal Guard,Restricted,USP-S | Royal Guard,Sode Case
AK-47, Gold Arabesque,Covert,AK-47 | Gold Arabesque,Sode Case
AK-47, First Class,Restricted,AK-47 | First Class,Sode Case
AK-47, Emerald Pinstripe,Restricted,AK-47 | Emerald Pinstripe,Sode Case
AK-47, Crossfade,Mil-Spec,AK-47 | Crossfade,Sode Case
USP-S, Tropical Breeze,Mil-Spec,USP-S | Tropical Breeze,Sode Case
USP-S, Whiteout,Classified,USP-S | Whiteout,Sode Case
XM1014, Ancient Lore,Restricted,XM1014 | Ancient Lore,Sode Case
XM1014, Banana Leaf,Industrial,XM1014 | Banana Leaf,Sode Case
XM1014, Blaze Orange,Mil-Spec,XM1014 | Blaze Orange,Sode Case
XM1014, Blue Spruce,Consumer,XM1014 | Blue Spruce,Sode Case
XM1014, Blue Steel,Industrial,XM1014 | Blue Steel,Sode Case
XM1014, Blue Tire,Consumer,XM1014 | Blue Tire,Sode Case
USP-S, Target Acquired,Classified,USP-S | Target Acquired,Sode Case
R8 Revolver,Desert Brush,Consumer,R8 Revolver | Revolver Desert Brush,Sode Case
AK-47, Midnight Laminate,Restricted,AK-47 | Midnight Laminate,Sode Case
Tec-9, Brass,Mil-Spec,Tec-9 | Brass,Sode Case
SCAR-20, Wild Berry,Mil-Spec,SCAR-20 | Wild Berry,Sode Case
SG 553, Anodized Navy,Mil-Spec,SG 553 | Anodized Navy,Sode Case
SG 553, Army Sheen,Consumer,SG 553 | Army Sheen,Sode Case
AK-47, Safety Net,Restricted,AK-47 | Safety Net,Sode Case
SG 553, Barricade,Consumer,SG 553 | Barricade,Sode Case
SG 553, Basket Halftone,Industrial,SG 553 | Basket Halftone,Sode Case
SG 553, Berry Gel Coat,Mil-Spec,SG 553 | Berry Gel Coat,Sode Case
SG 553, Bleached,Consumer,SG 553 | Bleached,Sode Case
SG 553, Bulldozer,Restricted,SG 553 | Bulldozer,Sode Case
SG 553, Candy Apple,Industrial,SG 553 | Candy Apple,Sode Case
AK-47, Safari Mesh,Industrial,AK-47 | Safari Mesh,Sode Case
SG 553, Damascus Steel,Mil-Spec,SG 553 | Damascus Steel,Sode Case
SG 553, Desert Blossom,Mil-Spec,SG 553 | Desert Blossom,Sode Case
SG 553, Fallout Warning,Industrial,SG 553 | Fallout Warning,Sode Case
SG 553, Gator Mesh,Industrial,SG 553 | Gator Mesh,Sode Case
SG 553, Hazard Pay,Classified,SG 553 | Hazard Pay,Sode Case
SG 553, Hypnotic,Restricted,SG 553 | Hypnotic,Sode Case
SG 553, Integrale,Classified,SG 553 | Integrale,Sode Case
SG 553, Lush Ruins,Consumer,SG 553 | Lush Ruins,Sode Case
SG 553, Night Camo,Consumer,SG 553 | Night Camo,Sode Case
SG 553, Tornado,Consumer,SG 553 | Tornado,Sode Case
SCAR-20, Storm,Consumer,SCAR-20 | Storm,Sode Case
SCAR-20, Stone Mosaico,Consumer,SCAR-20 | Stone Mosaico,Sode Case
SCAR-20, Splash Jam,Classified,SCAR-20 | Splash Jam,Sode Case
SCAR-20, Short Ochre,Consumer,SCAR-20 | Short Ochre,Sode Case
R8 Revolver,Grip,Mil-Spec,R8 Revolver | Revolver Grip,Sode Case
R8 Revolver,Inlay,Consumer,R8 Revolver | Revolver Inlay,Sode Case
R8 Revolver,Junk Yard,Mil-Spec,R8 Revolver | Revolver Junk Yard,Sode Case
R8 Revolver,Leafhopper,Industrial,R8 Revolver | Revolver Leafhopper,Sode Case
R8 Revolver,Llama Cannon,Classified,R8 Revolver | Revolver Llama Cannon,Sode Case
R8 Revolver,Memento,Mil-Spec,R8 Revolver | Revolver Memento,Sode Case
R8 Revolver,Night,Consumer,R8 Revolver | Revolver Night,Sode Case
R8 Revolver,Nitro,Industrial,R8 Revolver | Revolver Nitro,Sode Case
R8 Revolver,Phoenix Marker,Industrial,R8 Revolver | Revolver Phoenix Marker,Sode Case
R8 Revolver,Reboot,Restricted,R8 Revolver | Revolver Reboot,Sode Case
SG 553, Traveler,Industrial,SG 553 | Traveler,Sode Case
R8 Revolver,Skull Crusher,Classified,R8 Revolver | Revolver Skull Crusher,Sode Case
R8 Revolver,Tango,Mil-Spec,R8 Revolver | Revolver Tango,Sode Case
SCAR-20, Army Sheen,Consumer,SCAR-20 | Army Sheen,Sode Case
SCAR-20, Brass,Mil-Spec,SCAR-20 | Brass,Sode Case
SCAR-20, Carbon Fiber,Industrial,SCAR-20 | Carbon Fiber,Sode Case
SCAR-20, Contractor,Consumer,SCAR-20 | Contractor,Sode Case
SCAR-20, Emerald,Restricted,SCAR-20 | Emerald,Sode Case
AK-47, Steel Delta,Mil-Spec,AK-47 | Steel Delta,Sode Case
SCAR-20, Magna Carta,Mil-Spec,SCAR-20 | Magna Carta,Sode Case
SCAR-20, Palm,Industrial,SCAR-20 | Palm,Sode Case
SCAR-20, Sand Mesh,Consumer,SCAR-20 | Sand Mesh,Sode Case
R8 Revolver,Survivalist,Mil-Spec,R8 Revolver | Revolver Survivalist,Sode Case
Tec-9, Citric Acid,Industrial,Tec-9 | Citric Acid,Sode Case
SG 553, Waves Perforated,Consumer,SG 553 | Waves Perforated,Sode Case
SSG 08, Acid Fade,Mil-Spec,SSG 08 | Acid Fade,Sode Case
Sawed-Off, Brake Light,Mil-Spec,Sawed-Off | Brake Light,Sode Case
Sawed-Off, Clay Ambush,Consumer,Sawed-Off | Clay Ambush,Sode Case
Sawed-Off, Copper,Mil-Spec,Sawed-Off | Copper,Sode Case
Sawed-Off, First Class,Mil-Spec,Sawed-Off | First Class,Sode Case
Sawed-Off, Forest DDPAT,Consumer,Sawed-Off | Forest DDPAT,Sode Case
AK-47, Panthera onca,Classified,AK-47 | Panthera onca,Sode Case
Sawed-Off, Full Stop,Mil-Spec,Sawed-Off | Full Stop,Sode Case
Sawed-Off, Irradiated Alert,Consumer,Sawed-Off | Irradiated Alert,Sode Case
Sawed-Off, Jungle Thicket,Consumer,Sawed-Off | Jungle Thicket,Sode Case
Sawed-Off, Mosaico,Industrial,Sawed-Off | Mosaico,Sode Case
Sawed-Off, Parched,Consumer,Sawed-Off | Parched,Sode Case
Sawed-Off, Runoff,Consumer,Sawed-Off | Runoff,Sode Case
Sawed-Off, Rust Coat,Industrial,Sawed-Off | Rust Coat,Sode Case
Sawed-Off, Sage Spray,Consumer,Sawed-Off | Sage Spray,Sode Case
AK-47, Olive Polycam,Industrial,AK-47 | Olive Polycam,Sode Case
Sawed-Off, Snake Camo,Industrial,Sawed-Off | Snake Camo,Sode Case
AK-47, Nouveau Rouge,Classified,AK-47 | Nouveau Rouge,Sode Case
Tec-9, Army Mesh,Consumer,Tec-9 | Army Mesh,Sode Case
Tec-9, Bamboo Forest,Consumer,Tec-9 | Bamboo Forest,Sode Case
Tec-9, Blast From the Past,Mil-Spec,Tec-9 | Blast From the Past,Sode Case
Tec-9, Blue Blast,Consumer,Tec-9 | Blue Blast,Sode Case
Sawed-Off, Bamboo Shadow,Consumer,Sawed-Off | Bamboo Shadow,Sode Case
Sawed-Off, Amber Fade,Mil-Spec,Sawed-Off | Amber Fade,Sode Case
SSG 08, Zeno,Mil-Spec,SSG 08 | Zeno,Sode Case
SSG 08, Tropical Storm,Industrial,SSG 08 | Tropical Storm,Sode Case
SSG 08, Azure Glyph,Industrial,SSG 08 | Azure Glyph,Sode Case
SSG 08, Blue Spruce,Consumer,SSG 08 | Blue Spruce,Sode Case
SSG 08, Blush Pour,Mil-Spec,SSG 08 | Blush Pour,Sode Case
SSG 08, Carbon Fiber,Industrial,SSG 08 | Carbon Fiber,Sode Case
P250, Bone Mask,Consumer,P250 | Bone Mask,Sode Case
SSG 08, Detour,Mil-Spec,SSG 08 | Detour,Sode Case
AK-47, Predator,Industrial,AK-47 | Predator,Sode Case
SSG 08, Green Ceramic,Consumer,SSG 08 | Green Ceramic,Sode Case
SSG 08, Grey Smoke,Consumer,SSG 08 | Grey Smoke,Sode Case
SSG 08, Halftone Whorl,Industrial,SSG 08 | Halftone Whorl,Sode Case
SG-553, Colony IV,Classified,SG-553 | Colony IV,Sode Case
SSG 08, Hand Brake,Mil-Spec,SSG 08 | Hand Brake,Sode Case
SSG 08, Lichen Dashed,Consumer,SSG 08 | Lichen Dashed,Sode Case
SSG 08, Mayan Dreams,Industrial,SSG 08 | Mayan Dreams,Sode Case
SSG 08, Orange Filigree,Mil-Spec,SSG 08 | Orange Filigree,Sode Case
SSG 08, Prey,Consumer,SSG 08 | Prey,Sode Case
SSG 08, Red Stone,Consumer,SSG 08 | Red Stone,Sode Case
SSG 08, Sand Dune,Consumer,SSG 08 | Sand Dune,Sode Case
SSG 08, Sea Calico,Restricted,SSG 08 | Sea Calico,Sode Case
SSG 08, Spring Twilly,Mil-Spec,SSG 08 | Spring Twilly,Sode Case
SSG 08, Threat Detected,Mil-Spec,SSG 08 | Threat Detected,Sode Case
SSG 08, Tiger Tear,Industrial,SSG 08 | Tiger Tear,Sode Case
SSG 08, Jungle Dashed,Consumer,SSG 08 | Jungle Dashed,Sode Case
P250, Black & Tan,Mil-Spec,P250 | Black & Tan,Sode Case
Desert Eagle, Blaze,Restricted,Desert Eagle | Blaze,Sode Case
AUG, Carved Jade,Mil-Spec,AUG | Carved Jade,Sode Case
Glock-18, AXIA,Classified,Glock-18 | AXIA,Sode Case
AWP, Pit Viper,Restricted,AWP | Pit Viper,Sode Case
Glock-18, Brass,Restricted,Glock-18 | Brass,Sode Case
AWP, Pink DDPAT,Restricted,AWP | Pink DDPAT,Sode Case
Glock-18, Candy Apple,Mil-Spec,Glock-18 | Candy Apple,Sode Case
Glock-18, Coral Bloom,Mil-Spec,Glock-18 | Coral Bloom,Sode Case
Glock-18, Death Rattle,Industrial,Glock-18 | Death Rattle,Sode Case
AWP, POP AWP,Restricted,AWP | POP AWP,Sode Case
Glock-18, Fade,Restricted,Glock-18 | Fade,Sode Case
Glock-18, Franklin,Restricted,Glock-18 | Franklin,Sode Case
Glock-18, Gamma Doppler,Covert,Glock-18 | Gamma Doppler,Sode Case
Glock-18, Glockingbird,Restricted,Glock-18 | Glockingbird,Sode Case
Glock-18, Green Line,Mil-Spec,Glock-18 | Green Line,Sode Case
Glock-18, Groundwater,Industrial,Glock-18 | Groundwater,Sode Case
Glock-18, High Beam,Industrial,Glock-18 | High Beam,Sode Case
Glock-18, Night,Industrial,Glock-18 | Night,Sode Case
Glock-18, Nuclear Garden,Restricted,Glock-18 | Nuclear Garden,Sode Case
Glock-18, Ocean Topo,Industrial,Glock-18 | Ocean Topo,Sode Case
Glock-18, Pink DDPAT,Restricted,Glock-18 | Pink DDPAT,Sode Case
Glock-18, Ramese's Reach,Restricted,Glock-18 | Ramese's Reach,Sode Case
Glock-18, Reactor,Mil-Spec,Glock-18 | Reactor,Sode Case
Glock-18, Red Tire,Industrial,Glock-18 | Red Tire,Sode Case
AWP, Medusa,Covert,AWP | Medusa,Sode Case
Galil AR, Winter Forest,Industrial,Galil AR | Winter Forest,Sode Case
Galil AR, VariCamo,Industrial,Galil AR | VariCamo,Sode Case
Galil AR, Urban Rubble,Industrial,Galil AR | Urban Rubble,Sode Case
Galil AR, Tuxedo,Mil-Spec,Galil AR | Tuxedo,Sode Case
G3SG1, VariCamo,Industrial,G3SG1 | VariCamo,Sode Case
G3SG1, Violet Murano,Mil-Spec,G3SG1 | Violet Murano,Sode Case
Galil AR, Acid Dart,Industrial,Galil AR | Acid Dart,Sode Case
Galil AR, Amber Fade,Mil-Spec,Galil AR | Amber Fade,Sode Case
Galil AR, Aqua Terrace,Mil-Spec,Galil AR | Aqua Terrace,Sode Case
Galil AR, CAUTION!,Restricted,Galil AR | CAUTION!,Sode Case
Galil AR, Cerberus,Restricted,Galil AR | Cerberus,Sode Case
AWP, Sun in Leo,Industrial,AWP | Sun in Leo,Sode Case
Galil AR, Cold Fusion,Industrial,Galil AR | Cold Fusion,Sode Case
AWP, Snake Camo,Mil-Spec,AWP | Snake Camo,Sode Case
Galil AR, Dusk Ruins,Mil-Spec,Galil AR | Dusk Ruins,Sode Case
Glock-18, Sand Dune,Industrial,Glock-18 | Sand Dune,Sode Case
AWP, Silk Tiger,Classified,AWP | Silk Tiger,Sode Case
Galil AR, Green Apple,Industrial,Galil AR | Green Apple,Sode Case
Galil AR, Grey Smoke,Consumer,Galil AR | Grey Smoke,Sode Case
Galil AR, Hunting Blind,Consumer,Galil AR | Hunting Blind,Sode Case
Galil AR, Metallic Squeezer,Mil-Spec,Galil AR | Metallic Squeezer,Sode Case
Galil AR, NV,Industrial,Galil AR | NV,Sode Case
Galil AR, O-Ranger,Industrial,Galil AR | O-Ranger,Sode Case
Galil AR, Phoenix Blacklight,Restricted,Galil AR | Phoenix Blacklight,Sode Case
Galil AR, Rainbow Spoon,Classified,Galil AR | Rainbow Spoon,Sode Case
Galil AR, Robin's Egg,Industrial,Galil AR | Robin's Egg,Sode Case
Galil AR, Sage Spray,Consumer,Galil AR | Sage Spray,Sode Case
Galil AR, Tornado,Consumer,Galil AR | Tornado,Sode Case
AWP, Safari Mesh,Industrial,AWP | Safari Mesh,Sode Case
AWP, LongDog,Covert,AWP | LongDog,Sode Case
Glock-18, Synth Leaf,Restricted,Glock-18 | Synth Leaf,Sode Case
Glock-18, Teal Graf,Mil-Spec,Glock-18 | Teal Graf,Sode Case
M4A1-S, Moss Quartz,Industrial,M4A1-S | Moss Quartz,Sode Case
M4A1-S, Mud-Spec,Industrial,M4A1-S | Mud-Spec,Sode Case
M4A1-S, Nitro,Restricted,M4A1-S | Nitro,Sode Case
M4A1-S, Rose Hex,Mil-Spec,M4A1-S | Rose Hex,Sode Case
M4A1-S, Stratosphere,Classified,M4A1-S | Stratosphere,Sode Case
M4A1-S, VariCamo,Mil-Spec,M4A1-S | VariCamo,Sode Case
P250, Bengal Tiger,Mil-Spec,P250 | Bengal Tiger,Sode Case
M4A1-S, Welcome to the Jungle,Covert,M4A1-S | Welcome to the Jungle,Sode Case
M4A4, Converter,Mil-Spec,M4A4 | Converter,Sode Case
M4A4, Dark Blossom,Industrial,M4A4 | Dark Blossom,Sode Case
M4A4, Daybreak,Restricted,M4A4 | Daybreak,Sode Case
M4A1-S, Master Piece,Classified,M4A1-S | Master Piece,Sode Case
M4A4, Desert Storm,Industrial,M4A4 | Desert Storm,Sode Case
M4A4, Eye of Horus,Covert,M4A4 | Eye of Horus,Sode Case
M4A4, Global Offensive,Mil-Spec,M4A4 | Global Offensive,Sode Case
M4A4, Hellish,Classified,M4A4 | Hellish,Sode Case
M4A4, Howl,Contraband,M4A4 | Howl,Sode Case
M4A4, Jungle Tiger,Industrial,M4A4 | Jungle Tiger,Sode Case
AWP, Desert Hydra,Covert,AWP | Desert Hydra,Sode Case
M4A4, Mainframe,Industrial,M4A4 | Mainframe,Sode Case
M4A4, Modern Hunter,Restricted,M4A4 | Modern Hunter,Sode Case
M4A4, Naval Shred Camo,Industrial,M4A4 | Naval Shred Camo,Sode Case
AWP, Crakow!,Classified,AWP | Crakow!,Sode Case
M4A4, Polysoup,Restricted,M4A4 | Polysoup,Sode Case
AWP, Dragon Lore,Covert,AWP | Dragon Lore,Sode Case
AWP, The Prince,Covert,AWP | The Prince,Sode Case
M4A1-S, Knight,Classified,M4A1-S | Knight,Sode Case
M4A1-S, Icarus Fell,Restricted,M4A1-S | Icarus Fell,Sode Case
Glock-18, Twilight Galaxy,Classified,Glock-18 | Twilight Galaxy,Sode Case
AWP, Gungnir,Covert,AWP | Gungnir,Sode Case
M249, Blizzard Marbleized,Industrial,M249 | Blizzard Marbleized,Sode Case
M249, Contrast Spray,Consumer,M249 | Contrast Spray,Sode Case
M249, Gator Mesh,Industrial,M249 | Gator Mesh,Sode Case
M249, Humidor,Mil-Spec,M249 | Humidor,Sode Case
M249, Impact Drill,Consumer,M249 | Impact Drill,Sode Case
M249, Jungle,Consumer,M249 | Jungle,Sode Case
M249, Jungle DDPAT,Consumer,M249 | Jungle DDPAT,Sode Case
M249, Midnight Palm,Industrial,M249 | Midnight Palm,Sode Case
M249, Predator,Consumer,M249 | Predator,Sode Case
M4A1-S, Imminent Danger,Covert,M4A1-S | Imminent Danger,Sode Case
M249, Sage Camo,Consumer,M249 | Sage Camo,Sode Case
AWP, Green Energy,Classified,AWP | Green Energy,Sode Case
M249, Spectrogram,Industrial,M249 | Spectrogram,Sode Case
M249, Submerged,Consumer,M249 | Submerged,Sode Case
M4A1-S, Blue Phosphor,Classified,M4A1-S | Blue Phosphor,Sode Case
M4A1-S, Boreal Forest,Industrial,M4A1-S | Boreal Forest,Sode Case
AWP, Fade,Covert,AWP | Fade,Sode Case
M4A1-S, Control Panel,Classified,M4A1-S | Control Panel,Sode Case
M4A1-S, Fade,Covert,M4A1-S | Fade,Sode Case
M4A1-S, Fizzy POP,Mil-Spec,M4A1-S | Fizzy POP,Sode Case
M4A1-S, Glitched Paint,Restricted,M4A1-S | Glitched Paint,Sode Case
M4A1-S, Hot Rod,Classified,M4A1-S | Hot Rod,Sode Case
M249, Shipping Forecast,Industrial,M249 | Shipping Forecast,Sode Case
M4A4, Poseidon,Classified,M4A4 | Poseidon,Sode Case
G3SG1, Safari Mesh,Consumer,G3SG1 | Safari Mesh,Sode Case
G3SG1, Polar Camo,Consumer,G3SG1 | Polar Camo,Sode Case
Dual Berettas, Demolition,Restricted,Dual Berettas | Demolition,Sode Case
Dual Berettas, Drift Wood,Industrial,Dual Berettas | Drift Wood,Sode Case
Dual Berettas, Duelist,Restricted,Dual Berettas | Duelist,Sode Case
CZ75-Auto, Slalom,Restricted,CZ75-Auto | Slalom,Sode Case
Dual Berettas, Emerald,Mil-Spec,Dual Berettas | Emerald,Sode Case
Dual Berettas, Heist,Consumer,Dual Berettas | Heist,Sode Case
CZ75-Auto, Silver,Industrial,CZ75-Auto | Silver,Sode Case
Dual Berettas, Moon in Libra,Consumer,Dual Berettas | Moon in Libra,Sode Case
Dual Berettas, Oil Change,Consumer,Dual Berettas | Oil Change,Sode Case
CZ75-Auto, Poison Dart,Mil-Spec,CZ75-Auto | Poison Dart,Sode Case
Dual Berettas, Polished Malachite,Industrial,Dual Berettas | Polished Malachite,Sode Case
Dual Berettas, Pyre,Industrial,Dual Berettas | Pyre,Sode Case
Dual Berettas, Retribution,Mil-Spec,Dual Berettas | Retribution,Sode Case
Dual Berettas, Rose Nacre,Industrial,Dual Berettas | Rose Nacre,Sode Case
Dual Berettas, Stained,Industrial,Dual Berettas | Stained,Sode Case
Dual Berettas, Sweet Little Angels,Restricted,Dual Berettas | Sweet Little Angels,Sode Case
Dual Berettas, Switch Board,Industrial,Dual Berettas | Switch Board,Sode Case
Dual Berettas, Twin Turbo,Classified,Dual Berettas | Twin Turbo,Sode Case
CZ75-Auto, Pink Pearl,Consumer,CZ75-Auto | Pink Pearl,Sode Case
CZ75-Auto, Nitro,Mil-Spec,CZ75-Auto | Nitro,Sode Case
FAMAS, 2A2F,Mil-Spec,FAMAS | 2A2F,Sode Case
CZ75-Auto, Midnight Palm,Industrial,CZ75-Auto | Midnight Palm,Sode Case
FAMAS, CaliCamo,Industrial,FAMAS | CaliCamo,Sode Case
Dual Berettas, Contractor,Consumer,Dual Berettas | Contractor,Sode Case
Dual Berettas, Colony,Consumer,Dual Berettas | Colony,Sode Case
Dual Berettas, Cobalt Quartz,Restricted,Dual Berettas | Cobalt Quartz,Sode Case
Dual Berettas, Briar,Consumer,Dual Berettas | Briar,Sode Case
Desert Eagle, Emerald Jörmungandr,Restricted,Desert Eagle | Emerald Jörmungandr,Sode Case
Desert Eagle, Fennec Fox,Classified,Desert Eagle | Fennec Fox,Sode Case
Desert Eagle, Hand Cannon,Restricted,Desert Eagle | Hand Cannon,Sode Case
Desert Eagle, Heat Treated,Classified,Desert Eagle | Heat Treated,Sode Case
CZ75-Auto, Tuxedo,Mil-Spec,CZ75-Auto | Tuxedo,Sode Case
Desert Eagle, Meteorite,Mil-Spec,Desert Eagle | Meteorite,Sode Case
Desert Eagle, Midnight Storm,Industrial,Desert Eagle | Midnight Storm,Sode Case
Desert Eagle, Mint Fan,Mil-Spec,Desert Eagle | Mint Fan,Sode Case
Desert Eagle, Mudder,Industrial,Desert Eagle | Mudder,Sode Case
Desert Eagle, Mulberry,Restricted,Desert Eagle | Mulberry,Sode Case
Desert Eagle, Night,Industrial,Desert Eagle | Night,Sode Case
FAMAS, Colony,Consumer,FAMAS | Colony,Sode Case
Desert Eagle, Night Heist,Mil-Spec,Desert Eagle | Night Heist,Sode Case
CZ75-Auto, Syndicate,Restricted,CZ75-Auto | Syndicate,Sode Case
Desert Eagle, Sputnik,Mil-Spec,Desert Eagle | Sputnik,Sode Case
Desert Eagle, Starcade,Classified,Desert Eagle | Starcade,Sode Case
Desert Eagle, Sunset Storm 壱,Restricted,Desert Eagle | Sunset Storm 壱,Sode Case
Desert Eagle, Sunset Storm 弐,Restricted,Desert Eagle | Sunset Storm 弐,Sode Case
Desert Eagle, The Bronze,Industrial,Desert Eagle | The Bronze,Sode Case
Desert Eagle, Tilted,Industrial,Desert Eagle | Tilted,Sode Case
Desert Eagle, Urban DDPAT,Industrial,Desert Eagle | Urban DDPAT,Sode Case
Desert Eagle, Urban Rubble,Mil-Spec,Desert Eagle | Urban Rubble,Sode Case
Dual Berettas, Anodized Navy,Mil-Spec,Dual Berettas | Anodized Navy,Sode Case
Dual Berettas, BorDeux,Consumer,Dual Berettas | BorDeux,Sode Case
Desert Eagle, Pilot,Restricted,Desert Eagle | Pilot,Sode Case
CZ75-Auto, Jungle Dashed,Consumer,CZ75-Auto | Jungle Dashed,Sode Case
FAMAS, Contrast Spray,Consumer,FAMAS | Contrast Spray,Sode Case
FAMAS, Cyanospatter,Industrial,FAMAS | Cyanospatter,Sode Case
Five-SeveN, Forest Night,Consumer,Five-SeveN | Forest Night,Sode Case
Five-SeveN, Heat Treated,Restricted,Five-SeveN | Heat Treated,Sode Case
Five-SeveN, Hot Shot,Industrial,Five-SeveN | Hot Shot,Sode Case
Five-SeveN, Jungle,Consumer,Five-SeveN | Jungle,Sode Case
Five-SeveN, Midnight Paintover,Industrial,Five-SeveN | Midnight Paintover,Sode Case
CZ75-Auto, Copper Fiber,Industrial,CZ75-Auto | Copper Fiber,Sode Case
Five-SeveN, Neon Kimono,Restricted,Five-SeveN | Neon Kimono,Sode Case
Five-SeveN, Nitro,Mil-Spec,Five-SeveN | Nitro,Sode Case
Five-SeveN, Orange Peel,Industrial,Five-SeveN | Orange Peel,Sode Case
Five-SeveN, Silver Quartz,Mil-Spec,Five-SeveN | Silver Quartz,Sode Case
Five-SeveN, Sky Blue,Industrial,Five-SeveN | Sky Blue,Sode Case
Five-SeveN, Fall Hazard,Classified,Five-SeveN | Fall Hazard,Sode Case
Five-SeveN, Withered Vine,Industrial,Five-SeveN | Withered Vine,Sode Case
G3SG1, Arctic Camo,Industrial,G3SG1 | Arctic Camo,Sode Case
G3SG1, Chronos,Restricted,G3SG1 | Chronos,Sode Case
G3SG1, Contractor,Consumer,G3SG1 | Contractor,Sode Case
G3SG1, Desert Storm,Consumer,G3SG1 | Desert Storm,Sode Case
CZ75-Auto, Chalice,Restricted,CZ75-Auto | Chalice,Sode Case
G3SG1, Green Apple,Industrial,G3SG1 | Green Apple,Sode Case
G3SG1, Green Cell,Consumer,G3SG1 | Green Cell,Sode Case
G3SG1, Jungle Dashed,Consumer,G3SG1 | Jungle Dashed,Sode Case
G3SG1, New Roots,Mil-Spec,G3SG1 | New Roots,Sode Case
CZ75-Auto, Army Sheen,Consumer,CZ75-Auto | Army Sheen,Sode Case
G3SG1, Orange Kimono,Consumer,G3SG1 | Orange Kimono,Sode Case
G3SG1, Ancient Ritual,Industrial,G3SG1 | Ancient Ritual,Sode Case
G3SG1, Red Jasper,Consumer,G3SG1 | Red Jasper,Sode Case
Five-SeveN, Crimson Blossom,Mil-Spec,Five-SeveN | Crimson Blossom,Sode Case
Five-SeveN, Contractor,Consumer,Five-SeveN | Contractor,Sode Case
FAMAS, Dark Water,Mil-Spec,FAMAS | Dark Water,Sode Case
CZ75-Auto, Indigo,Consumer,CZ75-Auto | Indigo,Sode Case
FAMAS, Faulty Wiring,Consumer,FAMAS | Faulty Wiring,Sode Case
FAMAS, Grey Ghost,Industrial,FAMAS | Grey Ghost,Sode Case
FAMAS, Half Sleeve,Industrial,FAMAS | Half Sleeve,Sode Case
FAMAS, Halftone Wash,Industrial,FAMAS | Halftone Wash,Sode Case
FAMAS, Meltdown,Classified,FAMAS | Meltdown,Sode Case
CZ75-Auto, Green Plaid,Consumer,CZ75-Auto | Green Plaid,Sode Case
FAMAS, Night Borre,Consumer,FAMAS | Night Borre,Sode Case
FAMAS, Palm,Consumer,FAMAS | Palm,Sode Case
FAMAS, Prime Conspiracy,Restricted,FAMAS | Prime Conspiracy,Sode Case
Five-SeveN, Coolant,Consumer,Five-SeveN | Coolant,Sode Case
CZ75-Auto, Framework,Consumer,CZ75-Auto | Framework,Sode Case
FAMAS, Styx,Restricted,FAMAS | Styx,Sode Case
FAMAS, Sundown,Mil-Spec,FAMAS | Sundown,Sode Case
FAMAS, Teardown,Mil-Spec,FAMAS | Teardown,Sode Case
FAMAS, Waters of Nephthys,Classified,FAMAS | Waters of Nephthys,Sode Case
FAMAS, Yeti Camo,Mil-Spec,FAMAS | Yeti Camo,Sode Case
Five-SeveN, Anodized Gunmetal,Consumer,Five-SeveN | Anodized Gunmetal,Sode Case
Five-SeveN, Autumn Thicket,Consumer,Five-SeveN | Autumn Thicket,Sode Case
Five-SeveN, Berries And Cherries,Restricted,Five-SeveN | Berries And Cherries,Sode Case
CZ75-Auto, Emerald Quartz,Mil-Spec,CZ75-Auto | Emerald Quartz,Sode Case
Five-SeveN, Candy Apple,Industrial,Five-SeveN | Candy Apple,Sode Case
CZ75-Auto, Emerald,Mil-Spec,CZ75-Auto | Emerald,Sode Case
FAMAS, Spitfire,Restricted,FAMAS | Spitfire,Sode Case
M4A4, Radiation Hazard,Mil-Spec,M4A4 | Radiation Hazard,Sode Case
M4A1-S, Wash me plz,Industrial,M4A1-S | Wash me plz,Sode Case
M4A4, Sheet Lightning,Restricted,M4A4 | Sheet Lightning,Sode Case
AUG, Random Access,Restricted,AUG | Random Access,Sode Case
MP9, Multi-Terrain,Consumer,MP9 | Multi-Terrain,Sode Case
MP9, Music Box,Mil-Spec,MP9 | Music Box,Sode Case
AUG, Radiation Hazard,Industrial,AUG | Radiation Hazard,Sode Case
MP9, Old Roots,Industrial,MP9 | Old Roots,Sode Case
MP9, Orange Peel,Industrial,MP9 | Orange Peel,Sode Case
MP9, Pandoras Box,Mil-Spec,MP9 | Pandoras Box,Sode Case
MP9, Pine,Consumer,MP9 | Pine,Sode Case
MP9, Sand Dashed,Consumer,MP9 | Sand Dashed,Sode Case
MP9, Setting Sun,Mil-Spec,MP9 | Setting Sun,Sode Case
MP9, Shredded,Mil-Spec,MP9 | Shredded,Sode Case
MP9, Latte Rush,Classified,MP9 | Latte Rush,Sode Case
MP9, Slide,Consumer,MP9 | Slide,Sode Case
AUG, Navy Murano,Consumer,AUG | Navy Murano,Sode Case
MP9, Storm,Consumer,MP9 | Storm,Sode Case
MP9, Wild Lily,Classified,MP9 | Wild Lily,Sode Case
Negev, Anodized Navy,Mil-Spec,Negev | Anodized Navy,Sode Case
Negev, Army Sheen,Consumer,Negev | Army Sheen,Sode Case
Negev, Boroque Sand,Consumer,Negev | Boroque Sand,Sode Case
Negev, Bulkhead,Industrial,Negev | Bulkhead,Sode Case
Negev, CaliCamo,Industrial,Negev | CaliCamo,Sode Case
Negev, Infrastructure,Mil-Spec,Negev | Infrastructure,Sode Case
AUG, Midnight Lily,Restricted,AUG | Midnight Lily,Sode Case
Negev, Mjölnir,Classified,Negev | Mjölnir,Sode Case
MP9, Stained Glass,Restricted,MP9 | Stained Glass,Sode Case
Negev, Nuclear Waste,Industrial,Negev | Nuclear Waste,Sode Case
AUG, Sand Storm,Restricted,AUG | Sand Storm,Sode Case
MP9, Green Plaid,Consumer,MP9 | Green Plaid,Sode Case
MP7, Motherboard,Industrial,MP7 | Motherboard,Sode Case
AUG, Surveillance,Consumer,AUG | Surveillance,Sode Case
MP7, Olive Plaid,Consumer,MP7 | Olive Plaid,Sode Case
MP7, Orange Peel,Industrial,MP7 | Orange Peel,Sode Case
MP7, Prey,Consumer,MP7 | Prey,Sode Case
MP7, Scorched,Consumer,MP7 | Scorched,Sode Case
MP7, Short Ochre,Consumer,MP7 | Short Ochre,Sode Case
AUG, Storm,Consumer,AUG | Storm,Sode Case
MP7, Sunbaked,Consumer,MP7 | Sunbaked,Sode Case
MP7, Tall Grass,Industrial,MP7 | Tall Grass,Sode Case
MP7, Teal Blossom,Mil-Spec,MP7 | Teal Blossom,Sode Case
MP9, Hot Rod,Mil-Spec,MP9 | Hot Rod,Sode Case
MP7, Vault Heist,Industrial,MP7 | Vault Heist,Sode Case
MP9, Arctic Tri-Tone,Restricted,MP9 | Arctic Tri-Tone,Sode Case
MP9, Army Sheen,Consumer,MP9 | Army Sheen,Sode Case
AUG, Steel Sentinel,Industrial,AUG | Steel Sentinel,Sode Case
M4A4, Red DDPAT,Restricted,M4A4 | Red DDPAT,Sode Case
AUG, Spalted Wood,Industrial,AUG | Spalted Wood,Sode Case
MP9, Buff Blue,Consumer,MP9 | Buff Blue,Sode Case
MP9, Bulldozer,Restricted,MP9 | Bulldozer,Sode Case
MP9, Cobalt Paisley,Mil-Spec,MP9 | Cobalt Paisley,Sode Case
MP9, Dark Age,Mil-Spec,MP9 | Dark Age,Sode Case
AUG, Snake Pit,Consumer,AUG | Snake Pit,Sode Case
MP9, Dry Season,Consumer,MP9 | Dry Season,Sode Case
MP7, Whiteout,Mil-Spec,MP7 | Whiteout,Sode Case
MP7, Gunsmoke,Industrial,MP7 | Gunsmoke,Sode Case
Negev, Palm,Industrial,Negev | Palm,Sode Case
Negev, Raw Ceramic,Consumer,Negev | Raw Ceramic,Sode Case
AUG, Daedalus,Consumer,AUG | Daedalus,Sode Case
Nova, Wurst Hölle,Mil-Spec,Nova | Wurst Hölle,Sode Case
Nova, Yorkshire,Mil-Spec,Nova | Yorkshire,Sode Case
P2000, Amber Fade,Restricted,P2000 | Amber Fade,Sode Case
P2000, Chainmail,Mil-Spec,P2000 | Chainmail,Sode Case
P2000, Coach Class,Industrial,P2000 | Coach Class,Sode Case
P2000, Coral Halftone,Industrial,P2000 | Coral Halftone,Sode Case
P2000, Dispatch,Mil-Spec,P2000 | Dispatch,Sode Case
P2000, Granite Marbleized,Industrial,P2000 | Granite Marbleized,Sode Case
P2000, Grassland,Industrial,P2000 | Grassland,Sode Case
P2000, Grassland Leaves,Industrial,P2000 | Grassland Leaves,Sode Case
AUG, Eye of Zapems,Restricted,AUG | Eye of Zapems,Sode Case
AUG, Copperhead,Mil-Spec,AUG | Copperhead,Sode Case
P2000, Marsh,Industrial,P2000 | Marsh,Sode Case
AUG, Condemned,Industrial,AUG | Condemned,Sode Case
P2000, Panther Camo,Industrial,P2000 | Panther Camo,Sode Case
P2000, Pathfinder,Industrial,P2000 | Pathfinder,Sode Case
AUG, Commando Company,Consumer,AUG | Commando Company,Sode Case
P2000, Royal Baroque,Mil-Spec,P2000 | Royal Baroque,Sode Case
P2000, Scorpion,Restricted,P2000 | Scorpion,Sode Case
P2000, Silver,Mil-Spec,P2000 | Silver,Sode Case
P2000, Space Race,Restricted,P2000 | Space Race,Sode Case
AUG, Colony,Consumer,AUG | Colony,Sode Case
P250, Apep's Curse,Classified,P250 | Apep's Curse,Sode Case
AUG, Contractor,Consumer,AUG | Contractor,Sode Case
Negev, Phoenix Stencil,Mil-Spec,Negev | Phoenix Stencil,Sode Case
Nova, Walnut,Consumer,Nova | Walnut,Sode Case
Nova, Sobek's Bite,Restricted,Nova | Sobek's Bite,Sode Case
Negev, Sour Grapes,Industrial,Negev | Sour Grapes,Sode Case
Negev, Wall Bang,Industrial,Negev | Wall Bang,Sode Case
Nova, Army Sheen,Consumer,Nova | Army Sheen,Sode Case
Nova, Baroque Orange,Restricted,Nova | Baroque Orange,Sode Case
Nova, Blaze Orange,Mil-Spec,Nova | Blaze Orange,Sode Case
Nova, Caged Steel,Industrial,Nova | Caged Steel,Sode Case
Nova, Candy Apple,Industrial,Nova | Candy Apple,Sode Case
Nova, Forest Leaves,Consumer,Nova | Forest Leaves,Sode Case
AUG, Lil' Pig,Classified,AUG | Lil' Pig,Sode Case
Nova, Green Apple,Industrial,Nova | Green Apple,Sode Case
Nova, Interlock,Mil-Spec,Nova | Interlock,Sode Case
Nova, Turquoise Pour,Industrial,Nova | Turquoise Pour,Sode Case
Nova, Mandrel,Consumer,Nova | Mandrel,Sode Case
Nova, Modern Hunter,Mil-Spec,Nova | Modern Hunter,Sode Case
Nova, Moon in Libra,Consumer,Nova | Moon in Libra,Sode Case
Nova, Polar Mesh,Consumer,Nova | Polar Mesh,Sode Case
Nova, Predator,Consumer,Nova | Predator,Sode Case
Nova, Quick Sand,Mil-Spec,Nova | Quick Sand,Sode Case
Nova, Rain Station,Industrial,Nova | Rain Station,Sode Case
AUG, Hot Rod,Mil-Spec,AUG | Hot Rod,Sode Case
Nova, Red Quartz,Restricted,Nova | Red Quartz,Sode Case
AUG, Flame Jörmungandr,Restricted,AUG | Flame Jörmungandr,Sode Case
Nova, Rust Coat,Industrial,Nova | Rust Coat,Sode Case
Nova, Sand Dune,Consumer,Nova | Sand Dune,Sode Case
Nova, Marsh Grass,Consumer,Nova | Marsh Grass,Sode Case
MP7, Groundwater,Consumer,MP7 | Groundwater,Sode Case
MP5-SD, Nitro,Industrial,MP5-SD | Nitro,Sode Case
MAG-7, Bulldozer,Restricted,MAG-7 | Bulldozer,Sode Case
MAG-7, Cinquedea,Classified,MAG-7 | Cinquedea,Sode Case
MAG-7, Copper Coated,Mil-Spec,MAG-7 | Copper Coated,Sode Case
MAG-7, Copper Oxide,Consumer,MAG-7 | Copper Oxide,Sode Case
MAG-7, Core Breach,Restricted,MAG-7 | Core Breach,Sode Case
MAG-7, Counter Terrace,Mil-Spec,MAG-7 | Counter Terrace,Sode Case
MAC-10, Copper Borre,Mil-Spec,MAC-10 | Copper Borre,Sode Case
AWP, Black Nile,Mil-Spec,AWP | Black Nile,Sode Case
MAG-7, Hazard,Mil-Spec,MAG-7 | Hazard,Sode Case
MAC-10, Curse,Restricted,MAC-10 | Curse,Sode Case
MAC-10, Commuter,Industrial,MAC-10 | Commuter,Sode Case
MAG-7, Metallic DDPAT,Industrial,MAG-7 | Metallic DDPAT,Sode Case
MAC-10, Case Hardened,Restricted,MAC-10 | Case Hardened,Sode Case
MAG-7, Prism Terrace,Restricted,MAG-7 | Prism Terrace,Sode Case
MAG-7, Rust Coat,Consumer,MAG-7 | Rust Coat,Sode Case
MAC-10, Candy Apple,Industrial,MAC-10 | Candy Apple,Sode Case
AWP, Arsenic Spill,Mil-Spec,AWP | Arsenic Spill,Sode Case
MAG-7, Sand Dune,Consumer,MAG-7 | Sand Dune,Sode Case
MAG-7, Seabird,Consumer,MAG-7 | Seabird,Sode Case
MAG-7, Irradiated Alert,Consumer,MAG-7 | Irradiated Alert,Sode Case
MAC-10, Derailment,Restricted,MAC-10 | Derailment,Sode Case
MAC-10, Echoing Sands,Industrial,MAC-10 | Echoing Sands,Sode Case
MAG-7, Chainmail,Industrial,MAG-7 | Chainmail,Sode Case
AWP, CMYK,Covert,AWP | CMYK,Sode Case
MAC-10, Pipsqueak,Mil-Spec,MAC-10 | Pipsqueak,Sode Case
MAC-10, Poplar Thicket,Mil-Spec,MAC-10 | Poplar Thicket,Sode Case
MAC-10, Propaganda,Classified,MAC-10 | Propaganda,Sode Case
MAC-10, Red Filigree,Restricted,MAC-10 | Red Filigree,Sode Case
MAC-10, Sienna Damask,Consumer,MAC-10 | Sienna Damask,Sode Case
MAC-10, Nuclear Garden,Mil-Spec,MAC-10 | Nuclear Garden,Sode Case
MAC-10, Silver,Industrial,MAC-10 | Silver,Sode Case
MAC-10, Storm Camo,Consumer,MAC-10 | Storm Camo,Sode Case
MAC-10, Strats,Consumer,MAC-10 | Strats,Sode Case
MAC-10, Surfwood,Consumer,MAC-10 | Surfwood,Sode Case
MAC-10, Tornado,Consumer,MAC-10 | Tornado,Sode Case
MAC-10, Indigo,Consumer,MAC-10 | Indigo,Sode Case
MAC-10, Hot Snakes,Classified,MAC-10 | Hot Snakes,Sode Case
MAC-10, Gold Brick,Restricted,MAC-10 | Gold Brick,Sode Case
MAC-10, Fade,Mil-Spec,MAC-10 | Fade,Sode Case
MAC-10, Urban DDPAT,Consumer,MAC-10 | Urban DDPAT,Sode Case
MP7, Full Stop,Mil-Spec,MP7 | Full Stop,Sode Case
MAG-7, Carbon Fiber,Industrial,MAG-7 | Carbon Fiber,Sode Case
MAC-10, Calf Skin,Industrial,MAC-10 | Calf Skin,Sode Case
MAG-7, Silver,Industrial,MAG-7 | Silver,Sode Case
MAG-7, Navy Sheen,Consumer,MAG-7 | Navy Sheen,Sode Case
MP5-SD, Oxide Oasis,Classified,MP5-SD | Oxide Oasis,Sode Case
MP5-SD, Lab Rats,Restricted,MP5-SD | Lab Rats,Sode Case
MP5-SD, Lime Hex,Consumer,MP5-SD | Lime Hex,Sode Case
MP5-SD, Neon Squeezer,Industrial,MP5-SD | Neon Squeezer,Sode Case
Zeus x27, Swamp DDPAT,Consumer,Zeus x27 | Swamp DDPAT,Sode Case
MP5-SD, Savannah Halftone,Industrial,MP5-SD | Savannah Halftone,Sode Case
M4A4, Urban DDPAT,Industrial,M4A4 | Urban DDPAT,Sode Case
MP7, Anodized Navy,Mil-Spec,MP7 | Anodized Navy,Sode Case
MAC-10, Acid Hex,Industrial,MAC-10 | Acid Hex,Sode Case
MP7, Army Recon,Consumer,MP7 | Army Recon,Sode Case
MP7, Astrolabe,Industrial,MP7 | Astrolabe,Sode Case
AUG, Sweeper,Consumer,AUG | Sweeper,Sode Case
MP7, Fade,Restricted,MP7 | Fade,Sode Case
M4A4, Tornado,Industrial,M4A4 | Tornado,Sode Case
M4A4, The Coalition,Covert,M4A4 | The Coalition,Sode Case
M4A4, Steel Work,Industrial,M4A4 | Steel Work,Sode Case
MP7, Forest DDPAT,Consumer,MP7 | Forest DDPAT,Sode Case
MP7, Asterion,Consumer,MP7 | Asterion,Sode Case
MP5-SD, Gold Leaf,Mil-Spec,MP5-SD | Gold Leaf,Sode Case
MAC-10, Palm,Industrial,MAC-10 | Palm,Sode Case
AWP, Acheron,Mil-Spec,AWP | Acheron,Sode Case
MP5-SD, Bamboo Garden,Consumer,MP5-SD | Bamboo Garden,Sode Case
MAC-10, Amber Fade,Mil-Spec,MAC-10 | Amber Fade,Sode Case
MAC-10, Bronzer,Consumer,MAC-10 | Bronzer,Sode Case
MP5-SD, Co-Processor,Mil-Spec,MP5-SD | Co-Processor,Sode Case
MP5-SD, Autumn Twilly,Restricted,MP5-SD | Autumn Twilly,Sode Case
MAG-7, Storm,Consumer,MAG-7 | Storm,Sode Case
MP5-SD, Dirt Drop,Consumer,MP5-SD | Dirt Drop,Sode Case
MAG-7, Wildwood,Industrial,MAG-7 | Wildwood,Sode Case
XM1014, Ziggy,Restricted,XM1014 | Ziggy,Spectrum 2 Case
MAC-10, Oceanic,Mil-Spec,MAC-10 | Oceanic,Spectrum 2 Case
P250, See Ya Later,Covert,P250 | See Ya Later,Spectrum 2 Case
SCAR-20, Jungle Slipstream,Mil-Spec,SCAR-20 | Jungle Slipstream,Spectrum 2 Case
Tec-9, Cracked Opal,Mil-Spec,Tec-9 | Cracked Opal,Spectrum 2 Case
CZ75-Auto, Tacticat,Restricted,CZ75-Auto | Tacticat,Spectrum 2 Case
M4A1-S, Leaded Glass,Classified,M4A1-S | Leaded Glass,Spectrum 2 Case
UMP-45, Exposure,Restricted,UMP-45 | Exposure,Spectrum 2 Case
G3SG1, Hunter,Mil-Spec,G3SG1 | Hunter,Spectrum 2 Case
PP-Bizon, High Roller,Classified,PP-Bizon | High Roller,Spectrum 2 Case
Glock-18, Off World,Mil-Spec,Glock-18 | Off World,Spectrum 2 Case
SG 553, Phantom,Restricted,SG 553 | Phantom,Spectrum 2 Case
R8 Revolver,Llama Cannon,Classified,R8 Revolver | Llama Cannon,Spectrum 2 Case
Sawed-Off, Morris,Mil-Spec,Sawed-Off | Morris,Spectrum 2 Case
AUG, Triqua,Mil-Spec,AUG | Triqua,Spectrum 2 Case
MP9, Goo,Restricted,MP9 | Goo,Spectrum 2 Case
AK-47, The Empress,Covert,AK-47 | The Empress,Spectrum 2 Case
AWP, Fever Dream,Classified,AWP | Fever Dream,Spectrum Case
XM1014, Seasons,Restricted,XM1014 | Seasons,Spectrum Case
P250, Ripple,Mil-Spec,P250 | Ripple,Spectrum Case
UMP-45, Scaffold,Restricted,UMP-45 | Scaffold,Spectrum Case
CZ75-Auto, Xiangliu,Classified,CZ75-Auto | Xiangliu,Spectrum Case
Five-SeveN, Capillary,Mil-Spec,Five-SeveN | Capillary,Spectrum Case
Sawed-Off, Zander,Mil-Spec,Sawed-Off | Zander,Spectrum Case
AK-47, Bloodsport,Covert,AK-47 | Bloodsport,Spectrum Case
Desert Eagle, Oxide Blaze,Mil-Spec,Desert Eagle | Oxide Blaze,Spectrum Case
M4A1-S, Decimator,Classified,M4A1-S | Decimator,Spectrum Case
MAC-10, Last Dive,Restricted,MAC-10 | Last Dive,Spectrum Case
Galil AR, Crimson Tsunami,Restricted,Galil AR | Crimson Tsunami,Spectrum Case
PP-Bizon, Jungle Slipstream,Mil-Spec,PP-Bizon | Jungle Slipstream,Spectrum Case
USP-S, Neo-Noir,Covert,USP-S | Neo-Noir,Spectrum Case
MP7, Akoben,Mil-Spec,MP7 | Akoben,Spectrum Case
SCAR-20, Blueprint,Mil-Spec,SCAR-20 | Blueprint,Spectrum Case
M249, Emerald Poison Dart,Restricted,M249 | Emerald Poison Dart,Spectrum Case
P250, Mehndi,Classified,P250 | Mehndi,Winter Offensive Weapon Case
Dual Berettas, Marina,Restricted,Dual Berettas | Marina,Winter Offensive Weapon Case
M4A4, Asiimov,Covert,M4A4 | Asiimov,Winter Offensive Weapon Case
PP-Bizon, Cobalt Halftone,Mil-Spec,PP-Bizon | Cobalt Halftone,Winter Offensive Weapon Case
Nova, Rising Skull,Restricted,Nova | Rising Skull,Winter Offensive Weapon Case
M4A1-S, Guardian,Classified,M4A1-S | Guardian,Winter Offensive Weapon Case
AWP, Redline,Classified,AWP | Redline,Winter Offensive Weapon Case
Galil AR, Sandstorm,Mil-Spec,Galil AR | Sandstorm,Winter Offensive Weapon Case
MP9, Rose Iron,Restricted,MP9 | Rose Iron,Winter Offensive Weapon Case
M249, Magma,Mil-Spec,M249 | Magma,Winter Offensive Weapon Case
Five-SeveN, Kami,Mil-Spec,Five-SeveN | Kami,Winter Offensive Weapon Case
Sawed-Off, The Kraken,Covert,Sawed-Off | The Kraken,Winter Offensive Weapon Case
FAMAS, Pulse,Restricted,FAMAS | Pulse,Winter Offensive Weapon Case
AWP, BOOM,Classified,AWP | BOOM,eSports 2013 Case
AK-47, Red Laminate,Classified,AK-47 | Red Laminate,eSports 2013 Case
M4A4, Faded Zebra,Mil-Spec,M4A4 | Faded Zebra,eSports 2013 Case
P90, Death by Kitty,Covert,P90 | Death by Kitty,eSports 2013 Case
Galil AR, Orange DDPAT,Restricted,Galil AR | Orange DDPAT,eSports 2013 Case
MAG-7, Memento,Mil-Spec,MAG-7 | Memento,eSports 2013 Case
FAMAS, Doomkitty,Mil-Spec,FAMAS | Doomkitty,eSports 2013 Case
P250, Splash,Restricted,P250 | Splash,eSports 2013 Case
Sawed-Off, Orange DDPAT,Restricted,Sawed-Off | Orange DDPAT,eSports 2013 Case
Five-SeveN, Nightshade,Mil-Spec,Five-SeveN | Nightshade,eSports 2013 Winter Case
M4A4, X-Ray,Covert,M4A4 | X-Ray,eSports 2013 Winter Case
Galil AR, Blue Titanium,Mil-Spec,Galil AR | Blue Titanium,eSports 2013 Winter Case
PP-Bizon, Water Sigil,Mil-Spec,PP-Bizon | Water Sigil,eSports 2013 Winter Case
Desert Eagle, Cobalt Disruption,Classified,Desert Eagle | Cobalt Disruption,eSports 2013 Winter Case
G3SG1, Azure Zebra,Mil-Spec,G3SG1 | Azure Zebra,eSports 2013 Winter Case
AK-47, Blue Laminate,Restricted,AK-47 | Blue Laminate,eSports 2013 Winter Case
P250, Steel Disruption,Mil-Spec,P250 | Steel Disruption,eSports 2013 Winter Case
AWP, Electric Hive,Classified,AWP | Electric Hive,eSports 2013 Winter Case
FAMAS, Afterimage,Classified,FAMAS | Afterimage,eSports 2013 Winter Case
Nova, Ghost Camo,Mil-Spec,Nova | Ghost Camo,eSports 2013 Winter Case
P90, Blind Spot,Restricted,P90 | Blind Spot,eSports 2013 Winter Case
P2000, Corticera,Classified,P2000 | Corticera,eSports 2014 Summer Case
Desert Eagle, Crimson Web,Restricted,Desert Eagle | Crimson Web,eSports 2014 Summer Case
MP7, Ocean Foam,Restricted,MP7 | Ocean Foam,eSports 2014 Summer Case
SSG 08, Dark Water,Mil-Spec,SSG 08 | Dark Water,eSports 2014 Summer Case
AWP, Corticera,Classified,AWP | Corticera,eSports 2014 Summer Case
Nova, Bloomstick,Classified,Nova | Bloomstick,eSports 2014 Summer Case
PP-Bizon, Blue Streak,Restricted,PP-Bizon | Blue Streak,eSports 2014 Summer Case
P90, Virus,Restricted,P90 | Virus,eSports 2014 Summer Case
MAC-10, Ultraviolet,Mil-Spec,MAC-10 | Ultraviolet,eSports 2014 Summer Case
CZ75-Auto, Hexane,Mil-Spec,CZ75-Auto | Hexane,eSports 2014 Summer Case
M4A4, Bullet Rain,Covert,M4A4 | Bullet Rain,eSports 2014 Summer Case
AK-47, Jaguar,Covert,AK-47 | Jaguar,eSports 2014 Summer Case
AUG, Bengal Tiger,Classified,AUG | Bengal Tiger,eSports 2014 Summer Case
XM1014, Red Python,Mil-Spec,XM1014 | Red Python,eSports 2014 Summer Case
USP-S, Blood Tiger,Mil-Spec,USP-S | Blood Tiger,eSports 2014 Summer Case
Negev, Bratatat,Mil-Spec,Negev | Bratatat,eSports 2014 Summer Case
Glock-18, Steel Disruption,Restricted,Glock-18 | Steel Disruption,eSports 2014 Summer Case
